sent_id,section,sentence,tokens,hmm_oov,pcfg_oov,hmm_accuracy,pcfg_accuracy,pcfg_errors,joint_parsed,joint_logprob,joint_seconds,pipeline_parsed,pipeline_logprob,joint_tree
1,international,The Brent benchmark hit its lowest since September 8 in the previous session at $97.36.,17,1,1,0.9412,1.0,,1,-110.103,0.069,1,-129.768,(TOP (S (NP (DT The) (NNP Brent) (NN benchmark)) (VP (VBD hit) (PP (NP (PRP$ its) (JJS lowest)) (IN since) (NP (NNP September) (CD 8))) (PP (IN in) (NP (NP (DT the) (JJ previous) (NN session)) (PP (IN at) (NP ($ $) (CD 97.36)))))) (. .)))
2,international,"Iran repeated its demand for the US to end its ""acts of aggression"".",16,3,3,0.8125,1.0,,1,-95.053,0.046,0,,(TOP (S (NP (NNP Iran)) (VP (VBD repeated) (NP (NP (PRP$ its) (NN demand)) (PP (IN for) (NP (DT the) (NNP US)))) (S (TO to) (VP (VB end) (S (NP (PRP$ its)) (`` ``) (NP (NP (NNS acts)) (PP (IN of) (NP (NN aggression)))) ('' ''))))) (. .)))
3,breaking-news,"Other notable blocks were recorded in SIRA.N, DIPD.N, TJL.N and Softlogic Life.",15,4,4,0.9333,0.9333,blocks:NNS->VBZ,1,-108.543,0.047,1,-150.471,"(TOP (S (NP (NP (JJ Other)) (ADJP (JJ notable))) (VP (VBZ blocks) (VP (VBD were) (VP (VBN recorded) (PP (IN in) (NP (NAC (NNP SIRA.N) (, ,) (NNP DIPD.N) (, ,)) (NNP TJL.N) (CC and) (NP (NNP Softlogic) (NNP Life))))))) (. .)))"
4,business-news,The buying interest continued to dominate the market sentiment.,10,1,1,1.0,0.9,buying:NN->VBG,1,-54.174,0.018,1,-54.294,(TOP (S (NP (DT The) (VBG buying) (NN interest)) (VP (VBD continued) (S (TO to) (VP (VB dominate) (NP (DT the) (NN market) (NN sentiment))))) (. .)))
5,breaking-news,Committee members also expressed their views on the proposed legislation.,11,0,0,0.9091,0.9091,Committee:NN->NNP,1,-71.367,0.019,1,-71.367,(TOP (S (NP (NNP Committee) (NNS members)) (ADVP (RB also)) (VP (VBD expressed) (NP (PRP$ their) (NNS views)) (PP (IN on) (NP (DT the) (VBN proposed) (NN legislation)))) (. .)))
6,international,"Under the earlier methodology, youth unemployment had reached 21.3 per cent in June 2023.",16,3,3,0.8125,1.0,,1,-103.768,0.07,1,-160.361,"(TOP (S (PP (IN Under) (NP (DT the) (JJR earlier) (NN methodology))) (, ,) (NP (NN youth) (NN unemployment)) (VP (VBD had) (VP (VBN reached) (NP (NP (CD 21.3)) (PP (IN per) (NP (NN cent)))) (PP (IN in) (NP (NNP June) (CD 2023))))) (. .)))"
7,international,New Zealand's parliament last week passed legislation needed to implement the agreement.,14,0,0,0.9286,0.9286,needed:VBN->VBD,1,-98.712,0.047,1,-98.712,(TOP (S (NP (NP (NP (NNP New) (NNP Zealand) (POS 's)) (NN parliament)) (JJ last) (NN week)) (VP (VBD passed) (SBAR (NP (NN legislation)) (VP (VBD needed) (S (TO to) (VP (VB implement) (NP (DT the) (NN agreement))))))) (. .)))
8,international,The DHS did not immediately comment.,7,1,1,0.8571,1.0,,1,-43.437,0.005,1,-43.954,(TOP (S (NP (DT The) (NNP DHS)) (VP (VBD did) (RB not) (ADVP (RB immediately)) (VP (VB comment))) (. .)))
9,business-news,"Evoke Labs served as IT Partner, while Liyasi TV was the Television Partner.",15,5,5,0.6,0.8,as:IN->RB; IT:NNP->PRP; Partner:NNP->JJR,1,-102.059,0.062,1,-221.843,"(TOP (S (NP (NNP Evoke) (NNP Labs)) (VP (VBD served) (RB as) (S (NP (PRP IT)) (ADJP (JJR Partner))) (, ,) (SBAR (IN while) (S (NP (NNP Liyasi) (NNP TV)) (VP (VBD was) (NP (DT the) (NNP Television) (NNP Partner)))))) (. .)))"
10,business-news,Vidullanka cautioned that emerging as the lowest-cost bidder did not constitute a formal contract award.,16,3,3,0.8125,0.9375,constitute:VB->VBP,1,-106.439,0.076,1,-136.586,(TOP (S (NP (NNP Vidullanka)) (VP (VBD cautioned) (PP (IN that) (S (VBG emerging) (SBAR (IN as) (S (NP (DT the) (JJ lowest-cost) (NN bidder)) (VP (VBD did) (RB not) (VP (VBP constitute) (NP (DT a) (JJ formal) (NN contract) (NN award))))))))) (. .)))
11,breaking-news,"The bench comprised Judges Navaratne Marasinghe, Ramanathan Kannan and Sujeewa Nissanka.",13,7,7,0.4615,1.0,,1,-66.939,0.047,1,-225.629,"(TOP (S (NP (DT The) (NN bench)) (VP (VBD comprised) (NP (NNS Judges)) (NP (NP (NNP Navaratne) (NNP Marasinghe)) (, ,) (NP (NNP Ramanathan) (NNP Kannan)) (CC and) (NP (NNP Sujeewa) (NNP Nissanka)))) (. .)))"
12,news-features,"Floods, cyclones, landslides, droughts, wildfires and extreme heat seem to be occurring with regularity.",19,8,8,0.5263,0.8947,landslides:NNS->VBZ; extreme:JJ->NN,1,-94.113,0.102,1,-259.838,"(TOP (S (S (NP (NP (NNS Floods)) (, ,) (NP (NNS cyclones)) (, ,)) (VP (VBZ landslides))) (, ,) (NP (NP (NNS droughts)) (, ,) (NP (NNS wildfires)) (CC and) (NN extreme) (NN heat)) (VP (VBP seem) (S (TO to) (VP (VB be) (VP (VBG occurring) (PP (IN with) (NP (NN regularity))))))) (. .)))"
13,opinion,The Sri Lankan economy is not an island.,9,3,3,0.7778,0.8889,Lankan:JJ->NNP,1,-41.368,0.011,1,-76.436,(TOP (S (NP (DT The) (NNP Sri) (NNP Lankan) (NN economy)) (VP (VBZ is) (RB not) (NP (DT an) (NN island))) (. .)))
14,opinion,"Literally, it was one of the earliest works written based on firsthand experience.",15,2,2,0.8667,1.0,,1,-87.19,0.054,1,-96.843,"(TOP (S (ADVP (RB Literally)) (, ,) (NP (PRP it)) (VP (VBD was) (NP (CD one)) (PP (IN of) (NP (NP (DT the) (JJS earliest) (NNS works)) (VP (VBN written) (PP (VBN based) (PP (IN on) (NP (JJ firsthand) (NN experience)))))))) (. .)))"
15,opinion,His position was not an isolated or inexplicable claim.,10,2,2,0.9,1.0,,1,-64.353,0.01,1,-70.33,(TOP (S (NP (PRP$ His) (NN position)) (VP (VBD was) (RB not) (NP (DT an) (ADJP (JJ isolated) (CC or) (JJ inexplicable)) (NN claim))) (. .)))
16,opinion,"However, limiting the ban to government institutions alone will have only a modest impact.",16,0,0,1.0,1.0,,1,-103.695,0.076,1,-103.695,"(TOP (S (ADVP (RB However)) (, ,) (S (S (VBG limiting) (NP (DT the) (NN ban)) (PP (TO to) (NP (NN government) (NNS institutions)))) (ADVP (RB alone)) (VP (MD will) (VP (VB have) (NP (RB only) (DT a) (JJ modest) (NN impact))))) (. .)))"
17,business-news,Today it’s common and expensive when it happens.,10,0,0,0.9,1.0,,1,-65.589,0.006,1,-81.803,(TOP (S (NP (NN Today)) (NP (PRP it)) (VP (VBZ 's) (ADJP (JJ common) (CC and) (JJ expensive)) (SBAR (WHADVP (WRB when)) (S (NP (PRP it)) (VP (VBZ happens))))) (. .)))
18,business-news,The platform also introduces greater digital convenience for specific customer needs.,12,3,3,0.8333,1.0,,1,-78.526,0.028,1,-152.321,(TOP (S (NP (DT The) (NN platform)) (ADVP (RB also)) (VP (VBZ introduces) (NP (NP (JJR greater) (JJ digital) (NN convenience)) (PP (IN for) (NP (JJ specific) (NN customer) (NNS needs))))) (. .)))
19,business-main,The latest acceleration was particularly pronounced in food.,9,1,1,0.8889,0.8889,pronounced:JJ->VBN,1,-50.829,0.01,1,-50.829,(TOP (S (NP (DT The) (JJS latest) (NN acceleration)) (VP (VBD was) (RB particularly) (VP (VBN pronounced) (PP (IN in) (NP (NN food))))) (. .)))
20,business-news,"Notably, the Bank’s ‘Trees for Tomorrow’ reforestation project planted over 12,500 trees in 2025.",19,6,6,0.6316,0.7895,'s:POS->VBZ; Trees:NNPS->NNS; ':''->POS; planted:VBD->VBN,1,-117.307,0.092,1,-215.698,"(TOP (S (ADVP (RB Notably)) (, ,) (NP (DT the) (NNP Bank)) (VP (VBZ 's) (`` `) (NP (NP (NNS Trees)) (PP (IN for) (NP (NP (NNP Tomorrow) (POS ')) (NN reforestation) (NN project))) (VP (VBN planted) (PP (IN over) (NP (NP (CD 12,500) (NNS trees)) (PP (IN in) (NP (CD 2025)))))))) (. .)))"
21,business-news,The auction offerings totalled 5.2 million kilogrammes (M/Kgs).,11,4,4,0.5455,0.9091,M/Kgs:NNS->NNP,1,-57.901,0.012,0,,(TOP (S (NP (DT The) (NN auction) (NNS offerings)) (VP (VBD totalled) (NP (NP (QP (CD 5.2) (CD million)) (NNS kilogrammes)) (PRN (-LRB- -LRB-) (NP (NNP M/Kgs)) (-RRB- -RRB-)))) (. .)))
22,business,Visa supported the forum as Platinum Partner.,8,2,2,0.75,1.0,,1,-51.532,0.011,1,-105.802,(TOP (S (NP (NNP Visa)) (VP (VBD supported) (NP (NP (DT the) (NN forum)) (PP (IN as) (NP (NNP Platinum) (NNP Partner))))) (. .)))
23,business,"The mission, which began on September 10, is scheduled to conclude on September 23.",17,1,1,1.0,1.0,,1,-88.972,0.055,1,-88.972,"(TOP (S (NP (NP (DT The) (NN mission)) (, ,) (SBAR (WHNP (WDT which)) (S (VBD began) (PP (IN on) (NP (NNP September) (CD 10))))) (, ,)) (VP (VBZ is) (VP (VBN scheduled) (S (TO to) (VP (VB conclude) (PP (IN on) (NP (NNP September) (CD 23))))))) (. .)))"
24,breaking-news,"Market turnover stood at LKR 1.33 billion, with 55.41 million shares traded.",14,3,3,0.7857,0.8571,Market:NN->NNP; LKR:$->TO,1,-92.416,0.038,1,-159.299,"(TOP (S (NP (NNP Market) (NN turnover)) (VP (VBD stood) (NP (IN at) (TO LKR) (CD 1.33) (CD billion)) (, ,) (PP (IN with) (NP (NP (QP (CD 55.41) (CD million)) (NNS shares)) (VP (VBN traded))))) (. .)))"
25,international,"Brent prices are on track for their first weekly loss in three, down 2%.",17,0,0,1.0,0.9412,down:RB->IN,1,-110.957,0.162,1,-111.578,"(TOP (S (NP (NNP Brent) (NNS prices)) (VP (VBP are) (PP (IN on) (NP (NP (NN track)) (PP (IN for) (NP (PRP$ their) (JJ first) (JJ weekly) (NN loss))))) (PP (IN in) (NP (CD three))) (, ,) (PP (IN down) (NP (CD 2) (NN %)))) (. .)))"
26,international,"Rather than holding U.S. Treasuries, China is turning its attention toward gold and emerging industries.",17,1,1,0.9412,0.9412,Treasuries:NNPS->NNP,1,-121.748,0.086,1,-121.748,"(TOP (S (PP (ADVP (RB Rather)) (IN than) (S (VBG holding) (NP (NNP U.S.) (NNP Treasuries)))) (, ,) (NP (NNP China)) (VP (VBZ is) (VP (VBG turning) (NP (PRP$ its) (NN attention)) (PP (IN toward) (NP (NN gold) (CC and) (VBG emerging) (NNS industries))))) (. .)))"
27,international,There was no immediate comment from Pakistan’s government.,10,1,1,1.0,1.0,,1,-55.639,0.013,1,-55.639,(TOP (S (NP (EX There)) (VP (VBD was) (NP (DT no) (JJ immediate) (NN comment)) (PP (IN from) (NP (NP (NNP Pakistan) (POS 's)) (NN government)))) (. .)))
28,international,The use of such accounts would be capped at one hour per day.,14,0,0,1.0,1.0,,1,-87.817,0.046,1,-87.817,(TOP (S (NP (NP (DT The) (NN use)) (PP (IN of) (NP (JJ such) (NNS accounts)))) (VP (MD would) (VP (VB be) (VP (VBN capped) (PP (IN at) (NP (NP (CD one) (NN hour)) (PP (IN per) (NP (NN day)))))))) (. .)))
29,international,A criminal investigation can survive an unanswered question for a time.,12,1,1,1.0,1.0,,1,-69.858,0.04,1,-69.858,(TOP (S (NP (DT A) (JJ criminal) (NN investigation)) (VP (MD can) (VP (VB survive) (NP (NP (DT an) (JJ unanswered) (NN question)) (PP (IN for) (NP (DT a) (NN time)))))) (. .)))
30,international,WTI touched its lowest since September 1 earlier on Wednesday.,11,1,1,0.8182,0.9091,earlier:RBR->JJR,1,-83.963,0.022,1,-85.203,(TOP (S (NP (NNP WTI)) (VP (VBD touched) (PP (NP (PRP$ its) (JJS lowest)) (IN since) (NP (NNP September))) (PP (ADVP (NP (CD 1)) (JJR earlier)) (IN on) (NP (NNP Wednesday)))) (. .)))
31,international,The US and Israel launched air strikes on Iran on 28 February.,13,2,2,0.6923,1.0,,1,-96.596,0.05,1,-182.605,(TOP (S (NP (DT The) (NNP US) (CC and) (NNP Israel)) (VP (VBD launched) (NP (NP (NN air) (NNS strikes)) (PP (IN on) (NP (NNP Iran)))) (PP (IN on) (NP (CD 28))) (NP (NNP February))) (. .)))
32,breaking-news,"Foreign investors, however, remained net sellers with an outflow of approximately LKR 62.10 million.",17,3,3,0.8235,0.8824,Foreign:JJ->NNP; LKR:$->CD,1,-107.016,0.074,1,-125.198,"(TOP (S (NP (NNP Foreign) (NNS investors)) (PRN (, ,) (ADVP (RB however)) (, ,)) (VP (VBD remained) (NP (NP (JJ net) (NNS sellers)) (PP (IN with) (NP (DT an) (NN outflow)))) (PP (IN of) (NP (RB approximately) (CD LKR) (CD 62.10) (CD million)))) (. .)))"
33,business-news,"Nevertheless, the yields in this segment remained largely stable.",11,0,0,1.0,1.0,,1,-68.937,0.018,1,-68.937,"(TOP (S (ADVP (RB Nevertheless)) (, ,) (NP (NP (DT the) (NNS yields)) (PP (IN in) (NP (DT this) (NN segment)))) (VP (VBD remained) (ADJP (RB largely) (JJ stable))) (. .)))"
34,breaking-news,The Bills also propose measures to increase judicial capacity at the Provincial High Court level.,16,2,2,0.9375,0.9375,measures:NNS->VBZ,1,-107.085,0.074,1,-111.736,(TOP (S (NP (DT The) (NNS Bills)) (ADVP (RB also)) (VP (VBP propose) (VP (VBZ measures) (S (TO to) (VP (VB increase) (NP (JJ judicial) (NN capacity)) (PP (IN at) (NP (DT the) (NNP Provincial) (NNP High) (NNP Court) (NN level))))))) (. .)))
35,international,"The revised calculation excludes students, making direct comparisons with earlier figures difficult.",14,3,3,0.7857,1.0,,1,-96.682,0.046,1,-184.252,"(TOP (S (NP (DT The) (VBN revised) (NN calculation)) (VP (VBZ excludes) (NP (NNS students)) (, ,) (S (VBG making) (S (NP (NP (JJ direct) (NNS comparisons)) (PP (IN with) (NP (JJR earlier) (NNS figures)))) (ADJP (JJ difficult))))) (. .)))"
36,international,Wellington has also agreed to invest $20 billion in India over the next 15 years.,17,1,1,0.9412,0.9412,invest:VB->VBP,1,-94.673,0.074,1,-139.862,(TOP (S (NP (NNP Wellington)) (VP (VBZ has) (RB also) (VP (VBN agreed) (S (TO to) (VP (VBP invest) (NP (NP ($ $) (CD 20) (CD billion)) (PP (IN in) (NP (NNP India)))) (PP (IN over) (NP (DT the) (JJ next) (CD 15) (NNS years))))))) (. .)))
37,international,The Trump administration is expected to appeal the ruling.,10,0,0,1.0,1.0,,1,-55.42,0.014,1,-55.42,(TOP (S (NP (DT The) (NNP Trump) (NN administration)) (VP (VBZ is) (VP (VBN expected) (S (TO to) (VP (VB appeal) (NP (DT the) (NN ruling)))))) (. .)))
38,business-news,"Vidullanka currently has interests in hydropower, solar and biomass-based electricity generation.",13,4,4,0.7692,0.9231,hydropower:NN->JJ,1,-80.377,0.032,1,-163.21,"(TOP (S (NP (NNP Vidullanka)) (ADVP (RB currently)) (VP (VBZ has) (NP (NP (NNS interests)) (PP (IN in) (NP (ADJP (JJ hydropower) (, ,) (JJ solar) (CC and) (JJ biomass-based)) (NN electricity) (NN generation))))) (. .)))"
39,breaking-news,"Initially, 25 people were charged over their role in the bombings.",13,2,2,0.8462,1.0,,1,-73.868,0.032,1,-82.388,"(TOP (S (ADVP (RB Initially)) (, ,) (NP (CD 25) (NNS people)) (VP (VBD were) (VP (VBN charged) (PP (IN over) (NP (PRP$ their) (NN role))) (PP (IN in) (NP (DT the) (NNS bombings))))) (. .)))"
40,news-features,"The central message is brutally simple: nature does not need us, but we need nature.",18,1,1,0.8889,1.0,,1,-120.072,0.075,1,-151.895,"(TOP (S (S (NP (DT The) (JJ central) (NN message)) (VP (VBZ is) (ADJP (RB brutally) (JJ simple)))) (: :) (S (NP (NN nature)) (VP (VBZ does) (RB not) (VP (VB need) (NP (PRP us))))) (, ,) (CC but) (S (NP (PRP we)) (VP (VBP need) (NP (NN nature)))) (. .)))"
41,opinion,And now we are staring at economic and political developments that signal a dangerous world.,16,3,3,0.875,0.875,that:WDT->IN; signal:VBP->VB,1,-99.37,0.084,1,-144.02,(TOP (S (CC And) (ADVP (RB now)) (NP (PRP we)) (VP (VBP are) (VP (VBG staring) (PP (IN at) (NP (ADJP (JJ economic) (CC and) (JJ political)) (NNS developments))) (SBAR (IN that) (SINV (VB signal) (NP (DT a) (JJ dangerous) (NN world)))))) (. .)))
42,opinion,The failure of his political gamble resulted in a major transition in Lankan political history.,16,3,3,0.875,0.9375,Lankan:JJ->NNP,1,-89.585,0.088,1,-117.339,(TOP (S (NP (NP (DT The) (NN failure)) (PP (IN of) (NP (PRP$ his) (JJ political) (NN gamble)))) (VP (VBD resulted) (PP (IN in) (NP (DT a) (JJ major) (NN transition))) (PP (IN in) (NP (NNP Lankan) (JJ political) (NN history)))) (. .)))
43,opinion,Legitimate criticism or disagreement should not automatically become a criminal matter.,12,2,2,0.8333,0.9167,Legitimate:JJ->NNP,1,-80.353,0.019,1,-132.955,(TOP (S (NP (NNP Legitimate) (NX (NX (NN criticism)) (CC or) (NX (NN disagreement)))) (VP (MD should) (RB not) (ADVP (RB automatically)) (VP (VB become) (NP (DT a) (JJ criminal) (NN matter)))) (. .)))
44,opinion,Such action would also enhance Sri Lanka’s image as an environmentally responsible nation.,15,4,4,0.8,1.0,,1,-89.819,0.051,1,-200.979,(TOP (S (NP (JJ Such) (NN action)) (VP (MD would) (RB also) (VP (VB enhance) (NP (NP (NP (NNP Sri) (NNP Lanka) (POS 's)) (NN image)) (PP (IN as) (NP (DT an) (ADJP (RB environmentally) (JJ responsible)) (NN nation)))))) (. .)))
45,business-news,HR Optimizer was built to be global-ready from day one.,11,3,3,0.6364,1.0,,1,-61.978,0.021,1,-160.826,(TOP (S (NP (NNP HR) (NNP Optimizer)) (VP (VBD was) (VP (VBN built) (S (TO to) (VP (VB be) (ADJP (JJ global-ready) (PP (IN from) (NP (NN day) (CD one)))))))) (. .)))
46,business-news,Pan Asia EZY has been developed with everyday customer behaviour in mind.,13,3,3,0.8462,1.0,,1,-86.411,0.036,1,-94.011,(TOP (S (NP (NNP Pan) (NNP Asia) (NNP EZY)) (VP (VBZ has) (VP (VBN been) (VP (VBN developed) (PP (IN with) (NP (JJ everyday) (NN customer) (NN behaviour))) (PP (IN in) (NP (NN mind)))))) (. .)))
47,business-main,It stood at just 3.4 percent in January.,9,0,0,1.0,1.0,,1,-62.599,0.011,1,-62.599,(TOP (S (NP (PRP It)) (VP (VBD stood) (PP (IN at) (NP (QP (RB just) (CD 3.4)) (NN percent))) (PP (IN in) (NP (NNP January)))) (. .)))
48,business-news,"An improved demand was seen for the Orthodox/Rotovane teas, following quality.",13,2,2,0.9231,1.0,,1,-79.13,0.036,1,-79.877,"(TOP (S (NP (DT An) (VBN improved) (NN demand)) (VP (VBD was) (VP (VBN seen) (PP (IN for) (NP (DT the) (NNP Orthodox/Rotovane) (NNS teas))) (, ,) (S (VBG following) (NP (NN quality))))) (. .)))"
49,breaking-news,John Keells Holdings provided the strongest positive contribution.,9,1,1,1.0,0.8889,Keells:NNP->NNPS,1,-67.31,0.012,1,-67.661,(TOP (S (NP (NNP John) (NNPS Keells) (NNP Holdings)) (VP (VBD provided) (NP (DT the) (ADJP (JJS strongest) (JJ positive)) (NN contribution))) (. .)))
50,international,"Transporting oil through the region remains risky, however.",10,2,2,0.8,0.9,risky:JJ->VB,1,-65.106,0.014,1,-83.504,"(TOP (S (S (VBG Transporting) (NP (NP (NN oil)) (PP (IN through) (NP (DT the) (NN region))))) (VP (VBZ remains) (VP (VB risky) (, ,) (ADVP (RB however)))) (. .)))"
51,international,"Experts caution, however, that China’s actual U.S. Treasury holdings may exceed the officially reported figures.",19,0,0,0.8947,0.9474,caution:VBP->NN,1,-137.191,0.096,1,-153.718,"(TOP (S (NP (NP (NNS Experts)) (NN caution) (PRN (, ,) (ADVP (RB however)) (, ,)) (PP (IN that) (NP (NP (NNP China) (POS 's)) (JJ actual) (NNP U.S.) (NNP Treasury) (NNS holdings)))) (VP (MD may) (VP (VB exceed) (NP (DT the) (ADJP (RB officially) (VBN reported)) (NNS figures)))) (. .)))"
52,international,"The ban was later struck down by the country’s Constitutional Court, however.",15,1,1,0.8,0.8667,later:RB->JJ; struck:VBN->NN,1,-88.277,0.063,1,-92.684,"(TOP (S (NP (DT The) (NN ban)) (VP (VBD was) (NP (JJ later) (NN struck)) (PRT (RP down)) (PP (IN by) (NP (NP (DT the) (NN country) (POS 's)) (NNP Constitutional) (NNP Court))) (, ,) (ADVP (RB however))) (. .)))"
53,international,His death was initially viewed by police through the possibility of suicide.,13,1,1,0.9231,0.9231,suicide:NN->JJ,1,-87.878,0.04,1,-88.184,(TOP (S (NP (PRP$ His) (NN death)) (VP (VBD was) (RB initially) (VP (VBN viewed) (PP (IN by) (NP (NP (NNS police)) (PP (IN through) (NP (DT the) (NN possibility))))) (PP (IN of) (ADJP (JJ suicide))))) (. .)))
54,international,"Iraq, too, is increasing oil exports, its oil minister said on Tuesday.",16,1,1,1.0,1.0,,1,-95.622,0.051,1,-95.622,"(TOP (S (S (NP (NP (NNP Iraq)) (PRN (, ,) (ADVP (RB too)) (, ,))) (VP (VBZ is) (VP (VBG increasing) (NP (NN oil) (NNS exports))))) (, ,) (NP (PRP$ its) (NN oil) (NN minister)) (VP (VBD said) (PP (IN on) (NP (NNP Tuesday)))) (. .)))"
55,international,Iran state TV confirmed that Foreign Minister Abbas Araghchi had met Witkoff.,13,4,4,0.6923,1.0,,1,-91.279,0.046,1,-180.89,(TOP (S (NP (NNP Iran) (NN state) (NN TV)) (VP (VBD confirmed) (SBAR (IN that) (S (NP (NNP Foreign) (NNP Minister) (NNP Abbas) (NNP Araghchi)) (VP (VBD had) (VP (VBN met) (S (NNP Witkoff))))))) (. .)))
56,breaking-news,Lion Brewery was the largest negative contributor.,8,3,3,0.625,1.0,,1,-37.173,0.008,1,-101.207,(TOP (S (NP (NNP Lion) (NNP Brewery)) (VP (VBD was) (NP (DT the) (ADJP (JJS largest) (JJ negative)) (NN contributor))) (. .)))
57,business-news,Both investor participation and market volumes appeared moderate yesterday.,10,1,1,0.9,1.0,,1,-68.745,0.016,1,-98.255,(TOP (S (NP (NP (DT Both) (NN investor) (NN participation)) (CC and) (NN market) (NNS volumes)) (VP (VBD appeared) (NP (JJ moderate) (NN yesterday))) (. .)))
58,international,"The technology sector, in particular, is undergoing changes as companies increasingly adopt AI-powered tools.",17,2,2,0.8824,0.9412,adopt:VBP->VB,1,-115.035,0.08,1,-170.324,"(TOP (S (NP (DT The) (NN technology) (NN sector)) (PRN (, ,) (PP (IN in) (ADJP (JJ particular))) (, ,)) (VP (VBZ is) (S (VBG undergoing) (NP (NP (NNS changes)) (PP (IN as) (NP (NNS companies)))) (ADVP (RB increasingly)) (VP (VB adopt) (NP (JJ AI-powered) (NNS tools))))) (. .)))"
59,international,"New Zealand exporters will receive preferential quota access for apples, kiwifruit and albumins.",15,3,3,0.8667,1.0,,1,-99.725,0.08,1,-150.693,"(TOP (S (NP (NNP New) (NNP Zealand) (NNS exporters)) (VP (MD will) (VP (VB receive) (NP (NP (JJ preferential) (NN quota) (NN access)) (PP (IN for) (NP (NP (NNS apples)) (, ,) (NN kiwifruit) (CC and) (NNS albumins)))))) (. .)))"
60,international,The controversial programme has reached the Supreme Court twice.,10,1,1,0.9,1.0,,1,-63.898,0.039,1,-83.577,(TOP (S (NP (DT The) (JJ controversial) (NN programme)) (VP (VBZ has) (VP (VBN reached) (NP (DT the) (NNP Supreme) (NNP Court)) (ADVP (RB twice)))) (. .)))
61,breaking-news,"After one of the accused died, 24 were indicted in October 2021.",14,2,2,0.7857,0.9286,accused:VBN->VBD,1,-89.589,0.08,1,-144.387,"(TOP (S (SBAR (IN After) (S (NP (NP (CD one)) (PP (IN of) (NP (DT the) (VBD accused)))) (VP (VBD died)))) (, ,) (NP (CD 24)) (VP (VBD were) (VP (VBN indicted) (PP (IN in) (NP (NNP October) (CD 2021))))) (. .)))"
62,news-features,Perhaps we can even be excused for this arrogance.,10,2,2,0.9,1.0,,1,-51.289,0.025,1,-72.855,(TOP (S (ADVP (RB Perhaps)) (NP (PRP we)) (VP (MD can) (RB even) (VP (VB be) (VP (VBN excused) (PP (IN for) (NP (DT this) (NN arrogance)))))) (. .)))
63,opinion,Global trade is precarious with Trump’s arbitrary tariffs over the last year and a half.,17,4,4,0.8824,1.0,,1,-96.269,0.091,1,-139.447,(TOP (S (NP (JJ Global) (NN trade)) (VP (VBZ is) (ADJP (JJ precarious) (PP (IN with) (NP (NP (NNP Trump) (POS 's)) (JJ arbitrary) (NNS tariffs)))) (PP (IN over) (NP (NP (DT the) (JJ last) (NN year)) (CC and) (NP (DT a) (NN half))))) (. .)))
64,opinion,"Great mischief they did him, the often times great loss on their sides.",15,1,1,0.8,0.8667,Great:JJ->NNP; mischief:NN->VBP,1,-100.522,0.05,1,-120.833,"(TOP (S (NP (NNP Great)) (VP (VBP mischief) (SBAR (NP (PRP they)) (VP (VBD did) (NP (PRP him)) (, ,) (NP (NP (NP (DT the) (RB often) (NNS times)) (JJ great) (NN loss)) (PP (IN on) (NP (PRP$ their) (NNS sides))))))) (. .)))"
65,opinion,Protecting the environment is a shared responsibility.,8,1,1,0.75,1.0,,1,-52.387,0.009,1,-92.719,(TOP (S (S (VBG Protecting) (NP (DT the) (NN environment))) (VP (VBZ is) (NP (DT a) (VBN shared) (NN responsibility))) (. .)))
66,business-news,And the standard that governs it needs to hold up anywhere in the world.,15,1,1,0.8667,1.0,,1,-84.988,0.074,1,-117.149,(TOP (S (CC And) (NP (NP (DT the) (NN standard)) (SBAR (WHNP (WDT that)) (S (VBZ governs) (NP (PRP it))))) (VP (VBZ needs) (S (TO to) (VP (VB hold) (PRT (RP up)) (PP (ADVP (RB anywhere)) (IN in) (NP (DT the) (NN world)))))) (. .)))
67,business-news,Getting started has also been simplified.,7,1,1,0.5714,0.8571,started:VBN->VBD,1,-51.329,0.002,1,-115.006,(TOP (S (NP (VBG Getting)) (VP (VBD started) (VP (VBZ has) (RB also) (VP (VBN been) (VP (VBN simplified))))) (. .)))
68,business-main,The composition of inflation also underscores the pressure on the household expenditure.,13,3,3,0.8462,1.0,,1,-67.416,0.048,1,-78.924,(TOP (S (NP (NP (DT The) (NN composition)) (PP (IN of) (NP (NN inflation)))) (ADVP (RB also)) (VP (VBZ underscores) (NP (NP (DT the) (NN pressure)) (PP (IN on) (NP (DT the) (NN household) (NN expenditure))))) (. .)))
69,business-news,The Ex-Estate offerings comprised of 0.7 M/Kgs.,8,3,3,0.5,0.75,Ex-Estate:NNP->JJ; comprised:VBD->VBN,1,-51.207,0.01,1,-169.034,(TOP (NP (NP (DT The) (JJ Ex-Estate) (NNS offerings)) (VP (VBN comprised) (PP (IN of) (NP (CD 0.7) (NNS M/Kgs)))) (. .)))
70,international,These developments may carry indirect implications for South Korean financial markets.,12,2,2,0.8333,0.9167,Korean:JJ->NNP,1,-76.993,0.026,1,-108.708,(TOP (S (NP (DT These) (NNS developments)) (VP (MD may) (VP (VB carry) (NP (NP (JJ indirect) (NNS implications)) (PP (IN for) (NP (NNP South) (NNP Korean) (JJ financial) (NNS markets)))))) (. .)))
71,international,"His family disputed that account, questioned the post-mortem findings and sought judicial intervention.",15,1,1,0.8667,0.8,disputed:VBD->VBN; that:DT->IN; sought:VBD->VBN,1,-110.729,0.056,1,-112.339,"(TOP (S (NP (PRP$ His) (NN family)) (VP (VP (VBN disputed) (PP (IN that) (NP (NN account)))) (, ,) (VP (VBD questioned) (NP (DT the) (JJ post-mortem) (NNS findings))) (CC and) (VP (VBN sought) (NP (JJ judicial) (NN intervention)))) (. .)))"
72,international,Analysts polled by Reuters had expected a decline.,9,0,0,0.8889,0.8889,polled:VBN->VBD,1,-60.58,0.011,1,-60.58,(TOP (S (NP (NNS Analysts)) (VP (VBD polled) (SBAR (IN by) (S (NP (NNP Reuters)) (VP (VBD had) (VP (VBN expected) (NP (DT a) (NN decline))))))) (. .)))
73,international,"Since the ceasefire collapsed, both sides have intermittently exchanged fire.",12,3,3,0.6667,1.0,,1,-73.479,0.025,1,-145.533,"(TOP (S (SBAR (IN Since) (S (NP (DT the) (NN ceasefire)) (VP (VBD collapsed)))) (, ,) (NP (DT both) (NNS sides)) (VP (VBP have) (RB intermittently) (VP (VBN exchanged) (NP (NN fire)))) (. .)))"
74,international,The potential employment impact of AI extends beyond China.,10,2,2,0.8,1.0,,1,-66.554,0.02,1,-74.45,(TOP (S (NP (NP (DT The) (JJ potential) (NN employment) (NN impact)) (PP (IN of) (NP (NNP AI)))) (VP (VBZ extends) (PP (IN beyond) (NP (NNP China)))) (. .)))
75,international,"The DHS called the removals “a win”, while rights groups said they flouted basic protections.",19,3,3,0.7895,0.9474,win:NN->VBP,1,-125.086,0.066,0,,"(TOP (S (NP (DT The) (NNP DHS)) (VP (VBD called) (SBAR (NP (NP (DT the) (NNS removals)) (`` ``) (S (NP (DT a)) (VP (VBP win))) ('' '')) (, ,) (PP (IN while) (NP (NNS rights) (NNS groups))) (VP (VBD said) (SBAR (NP (PRP they)) (VP (VBD flouted) (NP (JJ basic) (NNS protections))))))) (. .)))"
76,news-features,"In fact, we may perhaps be excused for occasionally thinking that we are God.",16,2,2,0.9375,0.9375,God:NNP->RB,1,-94.923,0.067,1,-95.435,"(TOP (S (PP (IN In) (NP (NN fact))) (, ,) (NP (PRP we)) (VP (MD may) (RB perhaps) (VP (VB be) (PP (VBN excused) (PP (IN for) (ADVP (RB occasionally)) (S (VBG thinking) (SBAR (IN that) (S (NP (PRP we)) (VP (VBP are) (ADVP (RB God)))))))))) (. .)))"
77,opinion,"This would in effect, lead to even higher interest costs for developing countries like ours.",17,1,1,0.8235,0.8235,lead:VB->VBP; even:RB->VB; ours:PRP->NNS,1,-122.386,0.069,1,-134.794,"(TOP (S (S (NP (DT This)) (VP (MD would)) (PP (IN in) (NP (NN effect)))) (, ,) (VP (VBP lead) (S (TO to) (VP (VB even) (NP (JJR higher) (NN interest) (NNS costs)) (PP (IN for) (S (VBG developing) (NP (NP (NNS countries)) (PP (IN like) (NP (NNS ours))))))))) (. .)))"
78,opinion,"To achieve this goal, he was willing to pay a heavy price.",14,0,0,1.0,1.0,,1,-79.405,0.043,1,-79.405,"(TOP (S (S (TO To) (VP (VB achieve) (NP (DT this) (NN goal)))) (, ,) (NP (PRP he)) (VP (VBD was) (ADJP (JJ willing) (S (TO to) (VP (VB pay) (NP (DT a) (JJ heavy) (NN price)))))) (. .)))"
79,business-news,Datamation Systems Ltd has been successfully providing business solutions since 1986.,12,1,1,0.9167,1.0,,1,-93.272,0.024,1,-95.882,(TOP (S (NP (NNP Datamation) (NNPS Systems) (NNP Ltd)) (VP (VBZ has) (VP (VBN been) (ADVP (RB successfully)) (VP (VBG providing) (NP (NN business) (NNS solutions)) (PP (IN since) (NP (CD 1986)))))) (. .)))
80,business-news,Integrated eKYC capabilities also support registration using international mobile numbers.,11,3,3,0.6364,0.6364,Integrated:VBN->NNP; eKYC:NNP->VBZ; capabilities:NNS->VBZ; support:VBP->VB,1,-92.627,0.019,1,-137.534,(TOP (S (NP (NNP Integrated)) (VP (VBZ eKYC) (VP (VBZ capabilities) (RB also) (VP (VB support) (NP (NP (NN registration)) (PP (VBG using) (NP (JJ international) (JJ mobile) (NNS numbers))))))) (. .)))
81,business-main,"Petrol accounted for 1.14 percentage points, bus fares 0.36 points and diesel 0.16 points.",16,5,5,0.625,0.75,Petrol:NN->NNP; accounted:VBD->VBN; bus:NN->JJ; diesel:NN->VB,1,-102.806,0.079,1,-220.6,"(TOP (S (NP (NNP Petrol)) (VP (VP (VBN accounted) (PP (IN for) (NP (NP (CD 1.14) (NN percentage) (NNS points)) (, ,) (NP (JJ bus) (NNS fares)) (CD 0.36) (NNS points)))) (CC and) (VP (VB diesel) (NP (CD 0.16) (NNS points)))) (. .)))"
82,business-news,There was an improved selection of teas both from the Western and Eastern sectors.,15,2,2,0.8,0.8,both:DT->PDT; Western:JJ->NNP; Eastern:JJ->NNP,1,-96.906,0.121,1,-154.757,(TOP (S (NP (EX There)) (VP (VBD was) (NP (NP (DT an) (VBN improved) (NN selection)) (PP (IN of) (NP (NP (NNS teas)) (ADVP (PDT both))))) (PP (IN from) (NP (DT the) (NNP Western) (CC and) (NNP Eastern) (NNS sectors)))) (. .)))
83,international,A fresh examination after exhumation subsequently produced findings that were inconsistent with suicide.,14,4,4,0.6429,0.9286,inconsistent:JJ->VB,1,-94.994,0.057,1,-128.579,(TOP (S (NP (NP (DT A) (JJ fresh) (NN examination)) (PP (IN after) (NP (NN exhumation)))) (ADVP (RB subsequently)) (VP (VBD produced) (NP (NP (NNS findings)) (SBAR (WHNP (WDT that)) (S (VBD were) (VP (VB inconsistent) (NP (IN with) (NN suicide))))))) (. .)))
84,international,Official weekly inventory figures from the US Energy Information Administration are due at 10:30 a.m.,16,3,3,0.8125,1.0,,1,-113.073,0.091,1,-167.054,(TOP (S (NP (NP (JJ Official) (JJ weekly) (NN inventory) (NNS figures)) (PP (IN from) (NP (DT the) (NNP US) (NNP Energy) (NNP Information) (NNP Administration)))) (VP (VBP are) (ADJP (JJ due) (PP (IN at) (NP (CD 10:30) (NN a.m.))))) (. .)))
85,international,The figures highlight the importance of distinguishing between exposure to AI and actual job displacement.,16,3,3,0.75,0.9375,highlight:VBP->VB,1,-107.585,0.089,1,-207.445,(TOP (S (NP (DT The) (NNS figures)) (VP (VB highlight) (NP (NP (DT the) (NN importance)) (PP (IN of) (S (VBG distinguishing) (PP (IN between) (NP (NN exposure)))))) (PP (TO to) (NP (NNP AI) (CC and) (NP (JJ actual) (NN job) (NN displacement))))) (. .)))
86,international,The Trump administration’s immigration agenda has faced a string of setbacks this month.,15,2,2,0.8667,0.9333,string:NN->VB,1,-107.542,0.1,1,-169.198,(TOP (S (NP (NP (DT The) (NNP Trump) (NN administration) (POS 's)) (NN immigration) (NN agenda)) (VP (VBZ has) (VP (VBN faced) (ADVP (DT a)) (VP (VB string) (PP (IN of) (NP (NNS setbacks))) (NP (DT this) (NN month))))) (. .)))
87,news-features,Perhaps our scientific achievements have therefore given us a rather dangerous illusion.,13,3,3,0.6923,1.0,,1,-94.416,0.037,1,-191.921,(TOP (S (ADVP (RB Perhaps)) (NP (PRP$ our) (JJ scientific) (NNS achievements)) (VP (VBP have) (RB therefore) (VP (VBN given) (NP (PRP us)) (NP (DT a) (ADJP (RB rather) (JJ dangerous)) (NN illusion)))) (. .)))
88,opinion,"Production of goods were apparently secondary, and it was information technology that would determine everything.",17,1,1,0.9412,0.9412,Production:NN->NNP,1,-109.459,0.08,1,-130.947,"(TOP (S (S (NP (NP (NNP Production)) (PP (IN of) (NP (NNS goods)))) (VP (VBD were) (ADJP (RB apparently) (JJ secondary)))) (, ,) (CC and) (S (NP (PRP it)) (VP (VBD was) (NP (NP (NN information) (NN technology)) (SBAR (WHNP (WDT that)) (S (MD would) (VP (VB determine) (NP (NN everything)))))))) (. .)))"
89,opinion,"Jaffna at the time, was the main market for elephants captured in the island.",16,4,4,0.8125,1.0,,1,-70.389,0.081,1,-128.56,"(TOP (S (NP (NP (NNP Jaffna)) (PP (IN at) (NP (DT the) (NN time))) (, ,)) (VP (VBD was) (NP (DT the) (JJ main) (NN market)) (PP (IN for) (NP (NP (NNS elephants)) (VP (VBN captured) (PP (IN in) (NP (DT the) (NN island))))))) (. .)))"
90,business-news,"People increasingly expect banking to fit around their lives, rather than the other way around.",17,0,0,0.8824,0.8824,banking:NN->VBG; fit:VB->NN,1,-121.733,0.097,1,-140.588,"(TOP (S (NP (NNS People)) (ADVP (RB increasingly)) (VP (VBP expect) (VP (VBG banking) (PP (PP (TO to) (NP (NN fit))) (PP (IN around) (NP (PRP$ their) (NNS lives))) (, ,) (ADVP (RB rather)) (PP (IN than) (NP (DT the) (JJ other) (NN way)))) (ADVP (RB around)))) (. .)))"
91,business-main,The food pressures were also spread across several staples and commonly purchased items.,14,2,2,0.8571,1.0,,1,-92.974,0.047,1,-119.17,(TOP (S (NP (DT The) (NN food) (NNS pressures)) (VP (VBD were) (RB also) (VP (VBN spread) (PP (IN across) (NP (NP (JJ several) (NNS staples)) (CC and) (NP (ADJP (RB commonly) (VBN purchased)) (NNS items)))))) (. .)))
92,business-news,The corresponding BOPFs sold around last week’s levels.,10,2,2,0.7,0.9,corresponding:JJ->VBG,1,-60.492,0.017,1,-61.581,(TOP (S (NP (DT The) (VBG corresponding) (NNS BOPFs)) (VP (VBD sold) (PP (IN around) (NP (NP (JJ last) (NN week) (POS 's)) (NNS levels)))) (. .)))
93,international,The case has since moved beyond a disputed death.,10,0,0,0.8,0.9,since:RB->IN,1,-70.541,0.013,1,-89.661,(TOP (S (NP (DT The) (NN case)) (VP (VBZ has) (ADVP (IN since)) (VP (VBN moved) (PP (IN beyond) (NP (DT a) (VBN disputed) (NN death))))) (. .)))
94,news-features,"Scientifically, of course, the answer has to be no.",12,1,1,0.8333,0.9167,no:UH->RB,1,-56.69,0.022,1,-63.048,"(TOP (S (ADVP (RB Scientifically)) (, ,) (PP (IN of) (NP (NN course))) (, ,) (NP (DT the) (NN answer)) (VP (VBZ has) (S (TO to) (VP (VB be) (ADVP (RB no))))) (. .)))"
95,opinion,"But alas, in 2000 the bubble burst with so many companies going under.",15,3,3,0.7333,0.7333,alas:UH->NNS; burst:VBD->VBP; so:RB->IN; under:RP->IN,1,-97.988,0.06,1,-125.844,"(TOP (S (CC But) (NP (NP (NNS alas)) (, ,) (PP (IN in) (NP (CD 2000))) (NP (DT the) (NN bubble))) (VP (VBP burst) (ADVP (IN with) (PP (IN so) (NP (JJ many) (NNS companies)))) (VP (VBG going) (ADVP (IN under)))) (. .)))"
96,opinion,"Senarath (1604-1635CE), his successor, continued Vimaladharmasuriya’s policy of being anti-Portugese.",16,4,4,0.875,0.875,1604-1635CE:CD->NNP; anti-Portugese:JJ->NN,1,-92.377,0.03,0,,"(TOP (S (NP (NP (NNP Senarath)) (PRN (-LRB- -LRB-) (NP (NNP 1604-1635CE)) (-RRB- -RRB-)) (, ,) (NP (PRP$ his) (NN successor)) (, ,)) (VP (VBD continued) (NP (NP (NNP Vimaladharmasuriya) (POS 's)) (NN policy)) (PP (IN of) (S (VBG being) (NP (NN anti-Portugese))))) (. .)))"
97,business-news,Pan Asia EZY is our response to that change.,10,1,1,1.0,0.9,that:DT->IN,1,-69.373,0.014,1,-64.234,(TOP (S (NP (NNP Pan) (NNP Asia) (NNP EZY)) (VP (VBZ is) (NP (PRP$ our) (NN response)) (PP (TO to) (PP (IN that) (NP (NN change))))) (. .)))
98,business-main,"Some relief came from the lower prices for coconuts, rice and ginger.",14,3,3,0.7857,0.8571,rice:NN->JJ; ginger:NN->JJR,1,-76.18,0.048,1,-156.044,"(TOP (S (NP (DT Some) (NN relief)) (VP (VBD came) (PP (IN from) (NP (DT the) (JJR lower) (NNS prices))) (PP (IN for) (NP (NP (NNS coconuts)) (, ,) (ADJP (JJ rice) (CC and) (JJR ginger))))) (. .)))"
99,business-news,The Nuwara Eliya/Uda Pussellawas continued to be sluggish.,9,3,3,0.6667,0.8889,Pussellawas:NNPS->NNP,1,-43.431,0.014,1,-117.252,(TOP (S (NP (DT The) (NNP Nuwara) (NNP Eliya/Uda) (NNP Pussellawas)) (VP (VBD continued) (S (TO to) (VP (VB be) (ADJP (JJ sluggish))))) (. .)))
100,international,It has become a test of the credibility of Pakistan’s medico-legal and investigative machinery.,16,3,3,0.9375,0.9375,become:VBN->VB,1,-85.332,0.069,1,-110.053,(TOP (S (NP (PRP It)) (VP (VBZ has) (VP (VB become) (NP (NP (DT a) (NN test)) (PP (IN of) (NP (NP (DT the) (NN credibility)) (PP (IN of) (NP (NP (NNP Pakistan) (POS 's)) (ADJP (JJ medico-legal) (CC and) (JJ investigative)) (NN machinery)))))))) (. .)))
101,news-features,"When the rains come and mountainsides collapse, we then call it a natural disaster.",16,2,2,0.6875,0.8125,come:VBP->VB; mountainsides:NNS->VBZ; collapse:VBP->NN,1,-102.508,0.07,1,-140.092,"(TOP (S (SBAR (WHADVP (WRB When)) (S (NP (DT the) (NNS rains)) (VP (VP (VB come)) (CC and) (VBZ mountainsides) (NP (NN collapse))))) (, ,) (NP (PRP we)) (ADVP (RB then)) (VP (VBP call) (NP (PRP it)) (NP (DT a) (JJ natural) (NN disaster))) (. .)))"
102,opinion,"Twenty-five years later, I sense similar sentiments and developments with the AI boom.",15,4,4,0.8,0.8667,Twenty-five:CD->JJ; later:RB->RBR,1,-93.842,0.067,1,-139.866,"(TOP (S (ADVP (NP (JJ Twenty-five) (NNS years)) (RBR later)) (, ,) (NP (PRP I)) (VP (VBP sense) (NP (NP (JJ similar) (NNS sentiments) (CC and) (NNS developments)) (PP (IN with) (NP (DT the) (NNP AI) (NN boom))))) (. .)))"
103,opinion,"Although this followed with regular forays, the Kandyan Kingdom however, continued to retain its independence.",18,2,2,0.9444,0.9444,followed:VBD->VBN,1,-108.639,0.169,1,-108.639,"(TOP (S (PP (IN Although) (NP (NP (DT this)) (VP (VBN followed) (PP (IN with) (NP (JJ regular) (NNS forays)))))) (, ,) (NP (DT the) (NNP Kandyan) (NNP Kingdom)) (ADVP (RB however)) (, ,) (VP (VBD continued) (S (TO to) (VP (VB retain) (NP (PRP$ its) (NN independence))))) (. .)))"
104,business-news,"The High and Mid Grown CTC teas – BP1s, had hardly any offerings.",15,5,5,0.6667,0.8667,teas:NNS->VBZ; BP1s:NNS->JJ,1,-88.25,0.057,0,,"(TOP (S (S (NP (DT The) (NNP High) (CC and) (NNP Mid) (NNP Grown) (NNP CTC)) (VP (VBZ teas) (: --) (S (JJ BP1s)))) (, ,) (VP (VBD had) (RB hardly) (NP (DT any) (NNS offerings))) (. .)))"
105,international,"Mir Raza Ali, a 25-year-old businessman, went missing in Karachi on July 28, 2026.",18,6,6,0.6667,0.9444,missing:JJ->VBG,1,-95.667,0.12,1,-197.442,"(TOP (S (NP (NP (NNP Mir) (NNP Raza) (NNP Ali)) (, ,) (NP (DT a) (JJ 25-year-old) (NN businessman)) (, ,)) (VP (VBD went) (VP (VBG missing) (PP (IN in) (NP (NNP Karachi))) (PP (IN on) (NP (NNP July) (CD 28) (, ,) (CD 2026))))) (. .)))"
106,news-features,The recent landslides after heavy rains in many of our upcountry areas are classic examples.,16,3,3,1.0,1.0,,1,-101.001,0.094,1,-101.001,(TOP (S (NP (NP (NP (DT The) (JJ recent) (NNS landslides)) (PP (IN after) (NP (NP (JJ heavy) (NNS rains)) (PP (IN in) (NP (JJ many)))))) (PP (IN of) (NP (PRP$ our) (JJ upcountry) (NNS areas)))) (VP (VBP are) (NP (JJ classic) (NNS examples))) (. .)))
107,opinion,But very few people seem to remember the past or learn from it.,14,1,1,1.0,1.0,,1,-86.048,0.05,1,-86.048,(TOP (S (CC But) (NP (RB very) (JJ few) (NNS people)) (VP (VBP seem) (S (TO to) (VP (VP (VB remember) (NP (DT the) (NN past))) (CC or) (VP (VB learn) (PP (IN from) (NP (PRP it))))))) (. .)))
108,opinion,The last to capitulate was the Jaffna Fort.,9,3,3,0.6667,0.8889,last:JJ->NN,1,-42.891,0.016,1,-56.371,(TOP (S (NP (DT The) (NN last)) (VP (TO to) (VP (VB capitulate) (VP (VBD was) (NP (DT the) (NNP Jaffna) (NNP Fort))))) (. .)))
109,business-news,The corresponding Low Grown varieties sold well at firm to dearer rates.,13,5,5,0.4615,0.6154,corresponding:JJ->NN; varieties:NNS->VBZ; sold:VBD->VBN; firm:JJ->NN; dearer:JJR->NN,1,-73.863,0.056,1,-145.687,(TOP (S (NP (DT The) (NN corresponding) (NNP Low) (NNP Grown)) (VP (VBZ varieties) (VP (VBN sold) (ADVP (RB well)) (PP (IN at) (NP (NN firm))) (PP (TO to) (NP (NN dearer) (NNS rates))))) (. .)))
110,international,Questions over the first post-mortem examination soon intensified.,9,3,3,0.7778,0.8889,intensified:VBD->VBN,1,-57.772,0.018,1,-86.993,(TOP (NP (NP (NNS Questions)) (PP (IN over) (NP (NP (DT the) (JJ first) (JJ post-mortem) (NN examination)) (ADJP (RB soon) (VBN intensified)))) (. .)))
111,news-features,The 2004 tsunami also demonstrated the importance of retaining natural coastal buffers.,13,5,5,0.6923,1.0,,1,-76.005,0.051,1,-133.862,(TOP (S (NP (DT The) (CD 2004) (NN tsunami)) (ADVP (RB also)) (VP (VBD demonstrated) (NP (DT the) (NN importance)) (PP (IN of) (S (VBG retaining) (NP (JJ natural) (JJ coastal) (NNS buffers))))) (. .)))
112,opinion,"Indeed, finance moves quickly these days, but it also seems to make us forget quickly.",18,1,1,0.8889,0.8889,moves:VBZ->NNS; forget:VB->JJ,1,-112.366,0.102,1,-113.397,"(TOP (S (ADVP (RB Indeed)) (, ,) (NP (NN finance) (NNS moves)) (ADVP (RB quickly)) (NP (DT these) (NNS days)) (, ,) (CC but) (S (NP (PRP it)) (ADVP (RB also)) (VP (VBZ seems) (S (TO to) (VP (VB make) (S (NP (PRP us)) (ADJP (JJ forget)) (ADVP (RB quickly))))))) (. .)))"
113,opinion,Their negotiations with Rajasinghe focused particularly on obtaining access to Trincomalee.,12,2,2,0.75,0.9167,focused:VBD->VBN,1,-87.299,0.039,1,-118.911,(TOP (S (NP (NP (PRP$ Their) (NNS negotiations)) (PP (IN with) (NP (NNP Rajasinghe)))) (VP (VBN focused) (PP (ADVP (RB particularly)) (IN on) (S (VBG obtaining) (NP (NN access)) (PP (TO to) (NP (NNP Trincomalee)))))) (. .)))
114,business-news,The Low Growns totalled approximately 2.3 M/Kgs.,8,4,4,0.375,0.875,Growns:NNPS->NNP,1,-47.604,0.014,0,,(TOP (S (NP (DT The) (NNP Low) (NNP Growns)) (VP (VBD totalled) (NP (QP (RB approximately) (CD 2.3)) (NNS M/Kgs))) (. .)))
115,international,"The family subsequently approached a court seeking exhumation, a fresh post-mortem and further forensic examination.",17,4,4,0.7647,1.0,,1,-106.618,0.096,1,-206.187,"(TOP (S (NP (DT The) (NN family)) (ADVP (RB subsequently)) (VP (VBD approached) (NP (NP (DT a) (NN court) (VBG seeking) (NN exhumation)) (, ,) (NP (DT a) (JJ fresh) (NN post-mortem)) (CC and) (NP (JJ further) (JJ forensic) (NN examination)))) (. .)))"
116,news-features,Sometimes I wonder whether it is we who require more management.,12,0,0,0.8333,0.9167,wonder:VBP->NN,1,-92.797,0.02,1,-125.561,(TOP (S (ADVP (RB Sometimes)) (NP (PRP I)) (NP (NP (NN wonder)) (PP (IN whether) (NP (PRP it)))) (VP (VBZ is) (NP (NP (PRP we)) (SBAR (WHNP (WP who)) (S (VBP require) (NP (JJR more) (NN management)))))) (. .)))
117,opinion,"However, I argue that this time it is different because neoliberalism itself is in crisis.",17,1,1,0.9412,1.0,,1,-108.173,0.085,1,-127.831,"(TOP (S (ADVP (RB However)) (, ,) (NP (PRP I)) (VP (VBP argue) (PP (IN that) (NP (NP (DT this) (NN time)) (SBAR (NP (PRP it)) (VP (VBZ is) (ADJP (JJ different)) (SBAR (IN because) (NN neoliberalism) (S (NP (PRP itself)) (VP (VBZ is) (PP (IN in) (NP (NN crisis))))))))))) (. .)))"
118,opinion,"And Rajasinghe in his last years of reign, sought a more reconciliatory relationship with them.",17,3,3,0.8824,1.0,,1,-97.722,0.093,1,-104.78,"(TOP (S (CC And) (NP (NP (NNP Rajasinghe)) (PP (IN in) (NP (PRP$ his) (JJ last) (NNS years))) (NP (IN of) (NN reign)) (, ,)) (VP (VBD sought) (NP (NP (DT a) (ADJP (RBR more) (JJ reconciliatory)) (NN relationship)) (PP (IN with) (NP (PRP them))))) (. .)))"
119,business-news,All categories met with fair demand.,7,0,0,0.8571,1.0,,1,-54.175,0.005,1,-55.111,(TOP (S (NP (DT All) (NNS categories)) (VP (VBD met) (PP (IN with) (NP (JJ fair) (NN demand)))) (. .)))
120,international,A Karachi court authorised the exhumation and ordered the constitution of a medico-legal board.,15,5,5,0.8667,0.8667,authorised:VBD->VBN; ordered:VBD->VBN,1,-77.183,0.075,1,-114.087,(TOP (S (NP (DT A) (NNP Karachi) (NN court)) (VP (VP (VBN authorised) (NP (DT the) (NN exhumation))) (CC and) (VP (VBN ordered) (NP (NP (DT the) (NN constitution)) (PP (IN of) (NP (DT a) (JJ medico-legal) (NN board)))))) (. .)))
121,news-features,So perhaps we have the problem the wrong way round.,11,0,0,0.9091,0.9091,round:RB->NN,1,-72.779,0.027,1,-72.779,(TOP (S (ADVP (RB So) (RB perhaps)) (NP (PRP we)) (VP (VBP have) (NP (DT the) (NN problem)) (NP (DT the) (JJ wrong) (NN way) (NN round))) (. .)))
122,opinion,"Amidst this tumultuous world, Sri Lanka needs to rapidly change its economic policies.",15,3,3,0.8,0.9333,Amidst:IN->NNP,1,-92.724,0.065,1,-176.428,"(TOP (S (PP (NNP Amidst) (NP (DT this) (JJ tumultuous) (NN world))) (, ,) (NP (NNP Sri) (NNP Lanka)) (VP (VBZ needs) (S (TO to) (VP (ADVP (RB rapidly)) (VB change) (NP (PRP$ its) (JJ economic) (NNS policies))))) (. .)))"
123,opinion,Knox’s years in captivity evidently had not diminished his appetite for travel.,14,3,3,0.8571,1.0,,1,-89.426,0.036,1,-146.36,(TOP (S (NP (NP (NP (NNP Knox) (POS 's)) (NNS years)) (PP (IN in) (NP (NN captivity)))) (ADVP (RB evidently)) (VP (VBD had) (RB not) (VP (VBN diminished) (NP (PRP$ his) (NN appetite)) (PP (IN for) (NP (NN travel))))) (. .)))
124,business-news,"The OPs, in general, were firm.",9,1,1,0.7778,0.7778,OPs:NNS->NNP; firm:JJ->NN,1,-43.697,0.009,1,-44.968,"(TOP (S (NP (DT The) (NNP OPs)) (PRN (, ,) (PP (IN in) (ADJP (JJ general))) (, ,)) (VP (VBD were) (NP (NN firm))) (. .)))"
125,international,The second examination produced a markedly different picture.,9,1,1,0.8889,1.0,,1,-59.189,0.015,1,-60.969,(TOP (S (NP (DT The) (JJ second) (NN examination)) (VP (VBD produced) (NP (DT a) (ADJP (RB markedly) (JJ different)) (NN picture))) (. .)))
126,news-features,Yet they can lose their homes and livelihoods in a few hours.,13,1,1,1.0,1.0,,1,-72.65,0.044,1,-72.65,(TOP (S (CC Yet) (NP (PRP they)) (VP (MD can) (VP (VB lose) (NP (NP (PRP$ their) (NNS homes) (CC and) (NNS livelihoods)) (PP (IN in) (NP (DT a) (JJ few) (NNS hours)))))) (. .)))
127,opinion,"Following his escape, he had undertaken at least five more voyages to the East.",16,3,3,0.9375,0.9375,undertaken:VBN->VB,1,-89.371,0.089,1,-116.109,"(TOP (S (S (VBG Following) (NP (PRP$ his) (NN escape))) (, ,) (NP (PRP he)) (VP (VBD had) (VP (VB undertaken) (NP (NP (IN at) (JJS least) (CD five)) (NP (JJR more) (NNS voyages))) (PP (TO to) (NP (DT the) (NNP East))))) (. .)))"
128,business-news,"The well-made OPAs were easier, whilst the balance sold around last levels.",14,3,3,0.8571,0.8571,whilst:IN->VB; sold:VBD->VBN,1,-84.434,0.053,1,-110.666,"(TOP (S (NP (DT The) (JJ well-made) (NNS OPAs)) (VP (VBD were) (ADJP (JJR easier)) (, ,) (S (VB whilst) (NP (NP (DT the) (NN balance)) (VP (VBN sold) (PP (IN around) (NP (JJ last) (NNS levels))))))) (. .)))"
129,international,"Investigators collected samples for chemical analysis, gunshot-residue examination and identification.",12,3,3,0.5833,0.6667,Investigators:NNS->VBZ; collected:VBD->VBN; chemical:JJ->NN; gunshot-residue:NN->JJ,1,-88.134,0.029,1,-139.091,"(TOP (SINV (VP (VBZ Investigators)) (NP (NP (NP (VBN collected) (NNS samples)) (PP (IN for) (NP (NN chemical) (NN analysis)))) (, ,) (NP (JJ gunshot-residue) (NN examination) (CC and) (NN identification))) (. .)))"
130,news-features,"What we are experiencing is something less dramatic, but perhaps more concerning.",14,1,1,0.7143,1.0,,1,-96.832,0.035,1,-149.67,"(TOP (S (SBAR (WHNP (WP What)) (S (NP (PRP we)) (VP (VBP are) (VP (VBG experiencing))))) (VP (VBZ is) (NP (NP (NN something)) (ADJP (ADJP (RBR less) (JJ dramatic)) (, ,) (CC but) (ADJP (RB perhaps) (RBR more) (JJ concerning))))) (. .)))"
131,business-news,"The Select Best and Best PEKs were selectively dearer, whilst the balance was firm.",16,7,7,0.5,0.8125,PEKs:NNS->NNP; whilst:IN->WRB; firm:JJ->NN,1,-83.322,0.082,1,-209.199,"(TOP (S (NP (DT The) (NNP Select) (NNP Best) (CC and) (NNP Best) (NNP PEKs)) (VP (VBD were) (ADVP (RB selectively) (JJR dearer)) (, ,) (SBAR (WHADVP (WRB whilst)) (S (NP (DT the) (NN balance)) (VP (VBD was) (NP (NN firm)))))) (. .)))"
132,international,The later forensic work included DNA analysis and laboratory examination of material evidence.,14,2,2,0.7857,0.9286,material:JJ->NN,1,-101.239,0.057,1,-120.268,(TOP (S (NP (DT The) (JJ later) (JJ forensic) (NN work)) (VP (VBD included) (NP (NNP DNA) (NX (NX (NN analysis)) (CC and) (NX (NN laboratory) (NN examination)))) (PP (IN of) (NP (NN material) (NN evidence)))) (. .)))
133,news-features,So perhaps nature is not striking back at us after all.,12,0,0,0.8333,0.9167,striking:VBG->JJ,1,-92.841,0.031,1,-96.636,(TOP (S (ADVP (RB So) (RB perhaps)) (NP (NN nature)) (VP (VBZ is) (ADVP (ADVP (RB not) (JJ striking) (RB back)) (PP (IN at) (NP (PRP us)))) (PP (IN after) (NP (DT all)))) (. .)))
134,business-news,"The high-priced PEK1s were lower, whilst the balance sold around last levels.",14,2,2,0.8571,0.7857,PEK1s:NNS->NN; whilst:IN->VB; sold:VBD->VBN,1,-85.024,0.046,1,-115.968,"(TOP (S (NP (DT The) (JJ high-priced) (NN PEK1s)) (VP (VBD were) (ADJP (JJR lower)) (, ,) (S (VB whilst) (NP (NP (DT the) (NN balance)) (VP (VBN sold) (PP (IN around) (NP (JJ last) (NNS levels))))))) (. .)))"
135,international,The report also incorporated chemical and forensic findings.,9,1,1,0.7778,0.7778,incorporated:VBD->VBN; chemical:JJ->NN,1,-64.063,0.013,1,-64.063,(TOP (S (NP (DT The) (NN report)) (ADVP (RB also)) (VP (VBN incorporated) (NP (NN chemical) (CC and) (NP (JJ forensic) (NNS findings)))) (. .)))
136,business-news,"The high-priced FF1s were easier, whilst the balance sold around last levels.",14,2,2,0.8571,0.7857,FF1s:NNS->NN; whilst:IN->VB; sold:VBD->VBN,1,-86.367,0.042,1,-117.312,"(TOP (S (NP (DT The) (JJ high-priced) (NN FF1s)) (VP (VBD were) (ADJP (JJR easier)) (, ,) (S (VB whilst) (NP (NP (DT the) (NN balance)) (VP (VBN sold) (PP (IN around) (NP (JJ last) (NNS levels))))))) (. .)))"
137,international,The significance of the case lies not merely in what happened to one young man.,16,2,2,1.0,1.0,,1,-92.313,0.088,1,-92.313,(TOP (S (NP (NP (DT The) (NN significance)) (PP (IN of) (NP (DT the) (NN case)))) (VP (VBZ lies) (RB not) (ADVP (RB merely)) (PP (IN in) (SBAR (WHNP (WP what)) (S (VBD happened) (PP (TO to) (NP (CD one) (JJ young) (NN man))))))) (. .)))
138,business-news,"The teas at the bottom were irregular, following quality.",11,2,2,0.8182,0.9091,irregular:JJ->VB,1,-62.119,0.025,1,-65.364,"(TOP (S (NP (NP (DT The) (NNS teas)) (PP (IN at) (NP (DT the) (NN bottom)))) (VP (VBD were) (VP (VB irregular) (, ,) (S (VBG following) (NP (NN quality))))) (. .)))"
139,international,A post-mortem report is often treated as one document among many in a criminal case.,16,1,1,1.0,0.9375,as:IN->RB,1,-103.388,0.079,1,-103.564,(TOP (S (NP (DT A) (JJ post-mortem) (NN report)) (VP (VBZ is) (RB often) (VP (VBN treated) (ADVP (RB as) (NP (CD one) (NN document)) (PP (IN among) (ADJP (JJ many)))) (PP (IN in) (NP (DT a) (JJ criminal) (NN case))))) (. .)))
140,international,"In reality, it can determine the trajectory of an investigation.",12,1,1,1.0,1.0,,1,-56.934,0.026,1,-56.934,"(TOP (S (PP (IN In) (NP (NN reality))) (, ,) (NP (PRP it)) (VP (MD can) (VP (VB determine) (NP (NP (DT the) (NN trajectory)) (PP (IN of) (NP (DT an) (NN investigation)))))) (. .)))"
141,international,"Once an initial conclusion enters the case record, subsequent investigators can become anchored to it.",17,3,3,0.8824,1.0,,1,-101.355,0.088,1,-149.823,"(TOP (S (SBAR (IN Once) (S (NP (DT an) (JJ initial) (NN conclusion)) (VP (VBZ enters) (NP (DT the) (NN case) (NN record))))) (, ,) (NP (JJ subsequent) (NNS investigators)) (VP (MD can) (VP (VB become) (VP (VBN anchored) (PP (TO to) (NP (PRP it)))))) (. .)))"
142,international,Questions were also raised about whether gunshot-residue testing had been conducted.,12,2,2,0.8333,0.8333,about:IN->RB; gunshot-residue:NN->JJ,1,-83.634,0.026,1,-132.563,(TOP (S (NP (NNS Questions)) (VP (VBD were) (RB also) (VP (VBN raised) (ADVP (RB about)) (SBAR (IN whether) (S (NP (JJ gunshot-residue) (NN testing)) (VP (VBD had) (VP (VBN been) (VP (VBN conducted)))))))) (. .)))
143,international,The subsequent examination found injuries and evidence that complicated the original interpretation.,13,0,0,0.8462,0.8462,that:WDT->IN; complicated:VBD->IN,1,-96.305,0.045,1,-96.305,(TOP (S (NP (DT The) (JJ subsequent) (NN examination)) (VP (VBD found) (NP (NNS injuries) (CC and) (NN evidence)) (PP (IN that) (IN complicated) (NP (DT the) (JJ original) (NN interpretation)))) (. .)))
144,international,The episode illustrates why medico-legal medicine cannot operate as a routine administrative exercise.,15,2,2,0.9333,1.0,,1,-105.068,0.039,1,-123.85,(TOP (S (NP (DT The) (NN episode)) (VP (VBZ illustrates) (SBAR (WHADVP (WRB why)) (S (NP (JJ medico-legal) (NN medicine)) (VP (MD can) (RB not) (VP (VB operate) (PP (IN as) (NP (DT a) (JJ routine) (JJ administrative) (NN exercise)))))))) (. .)))
145,international,Every observation can eventually become evidence before a court.,10,1,1,0.8,1.0,,1,-63.73,0.018,1,-113.314,(TOP (S (NP (DT Every) (NN observation)) (VP (MD can) (RB eventually) (VP (VB become) (NP (NP (NN evidence)) (PP (IN before) (NP (DT a) (NN court)))))) (. .)))
146,international,Such failures do not necessarily mean that the underlying evidence is false.,13,1,1,0.8462,0.9231,underlying:VBG->JJ,1,-86.083,0.044,1,-88.629,(TOP (S (NP (JJ Such) (NNS failures)) (VP (VBP do) (RB not) (ADVP (RB necessarily)) (VP (VB mean) (SBAR (IN that) (S (NP (DT the) (JJ underlying) (NN evidence)) (VP (VBZ is) (ADJP (JJ false))))))) (. .)))
147,international,Any unexplained gap can provide the defence with grounds to challenge its reliability.,14,5,5,0.7143,1.0,,1,-73.997,0.054,1,-166.412,(TOP (S (NP (DT Any) (JJ unexplained) (NN gap)) (VP (MD can) (VP (VB provide) (NP (NP (DT the) (NN defence)) (PP (IN with) (NP (NNS grounds)))) (S (TO to) (VP (VB challenge) (NP (PRP$ its) (NN reliability)))))) (. .)))
148,international,The problem begins well before laboratory analysis.,8,1,1,0.875,0.875,laboratory:NN->JJ,1,-51.352,0.007,1,-54.505,(TOP (S (NP (DT The) (NN problem)) (VP (VBZ begins) (ADVP (RB well)) (PP (IN before) (NP (JJ laboratory) (NN analysis)))) (. .)))
149,international,"Crime scenes require careful preservation, documentation, photography, mapping, evidence collection and reconstruction.",17,5,5,0.5294,1.0,,1,-106.262,0.082,1,-252.959,"(TOP (S (NP (NN Crime) (NNS scenes)) (VP (VBP require) (NP (JJ careful) (NX (NX (NN preservation)) (, ,) (NX (NN documentation)) (, ,) (NX (NN photography)) (, ,) (NX (NN mapping)) (, ,) (NX (NN evidence) (NN collection)) (CC and) (NX (NN reconstruction))))) (. .)))"
150,international,Pakistan has long faced criticism over the limited forensic capacity available outside major centres.,15,3,3,0.8667,0.9333,outside:IN->JJ,1,-107.867,0.086,1,-133.877,(TOP (S (NP (NNP Pakistan)) (VP (VBZ has) (RB long) (VP (VBN faced) (NP (NN criticism)) (PP (IN over) (NP (NP (DT the) (JJ limited) (JJ forensic) (NN capacity)) (JJ available) (JJ outside) (JJ major) (NNS centres))))) (. .)))
