sent_id	token_id	word	gold	hmm	pcfg	hmm_known	pcfg_known
1	1	The	DT	DT	DT	1	1
1	2	Brent	NNP	JJ	NNP	1	1
1	3	benchmark	NN	NN	NN	1	1
1	4	hit	VBD	VBD	VBD	1	1
1	5	its	PRP$	PRP$	PRP$	1	1
1	6	lowest	JJS	JJS	JJS	1	1
1	7	since	IN	IN	IN	1	1
1	8	September	NNP	NNP	NNP	1	1
1	9	8	CD	CD	CD	1	1
1	10	in	IN	IN	IN	1	1
1	11	the	DT	DT	DT	1	1
1	12	previous	JJ	JJ	JJ	1	1
1	13	session	NN	NN	NN	1	1
1	14	at	IN	IN	IN	1	1
1	15	$	$	$	$	1	1
1	16	97.36	CD	CD	CD	0	0
1	17	.	.	.	.	1	1
2	1	Iran	NNP	PRP	NNP	0	0
2	2	repeated	VBD	VBD	VBD	0	0
2	3	its	PRP$	PRP$	PRP$	1	1
2	4	demand	NN	NN	NN	1	1
2	5	for	IN	IN	IN	1	1
2	6	the	DT	DT	DT	1	1
2	7	US	NNP	NN	NNP	1	1
2	8	to	TO	TO	TO	1	1
2	9	end	VB	VB	VB	1	1
2	10	its	PRP$	PRP$	PRP$	1	1
2	11	``	``	``	``	1	1
2	12	acts	NNS	NNS	NNS	1	1
2	13	of	IN	IN	IN	1	1
2	14	aggression	NN	.	NN	0	0
2	15	''	''	''	''	1	1
2	16	.	.	.	.	1	1
3	1	Other	JJ	JJ	JJ	1	1
3	2	notable	JJ	JJ	JJ	1	1
3	3	blocks	NNS	NNS	VBZ	1	1
3	4	were	VBD	VBD	VBD	1	1
3	5	recorded	VBN	VBN	VBN	1	1
3	6	in	IN	IN	IN	1	1
3	7	SIRA.N	NNP	NNP	NNP	0	0
3	8	,	,	,	,	1	1
3	9	DIPD.N	NNP	NNP	NNP	0	0
3	10	,	,	,	,	1	1
3	11	TJL.N	NNP	''	NNP	0	0
3	12	and	CC	CC	CC	1	1
3	13	Softlogic	NNP	NNP	NNP	0	0
3	14	Life	NNP	NNP	NNP	1	1
3	15	.	.	.	.	1	1
4	1	The	DT	DT	DT	1	1
4	2	buying	NN	NN	VBG	1	1
4	3	interest	NN	NN	NN	1	1
4	4	continued	VBD	VBD	VBD	1	1
4	5	to	TO	TO	TO	1	1
4	6	dominate	VB	VB	VB	0	0
4	7	the	DT	DT	DT	1	1
4	8	market	NN	NN	NN	1	1
4	9	sentiment	NN	NN	NN	1	1
4	10	.	.	.	.	1	1
5	1	Committee	NN	NNP	NNP	1	1
5	2	members	NNS	NNS	NNS	1	1
5	3	also	RB	RB	RB	1	1
5	4	expressed	VBD	VBD	VBD	1	1
5	5	their	PRP$	PRP$	PRP$	1	1
5	6	views	NNS	NNS	NNS	1	1
5	7	on	IN	IN	IN	1	1
5	8	the	DT	DT	DT	1	1
5	9	proposed	VBN	VBN	VBN	1	1
5	10	legislation	NN	NN	NN	1	1
5	11	.	.	.	.	1	1
6	1	Under	IN	IN	IN	1	1
6	2	the	DT	DT	DT	1	1
6	3	earlier	JJR	JJR	JJR	1	1
6	4	methodology	NN	NNS	NN	0	0
6	5	,	,	,	,	1	1
6	6	youth	NN	NN	NN	1	1
6	7	unemployment	NN	NN	NN	1	1
6	8	had	VBD	VBD	VBD	1	1
6	9	reached	VBN	VBN	VBN	1	1
6	10	21.3	CD	VBN	CD	0	0
6	11	per	IN	IN	IN	1	1
6	12	cent	NN	NN	NN	1	1
6	13	in	IN	IN	IN	1	1
6	14	June	NNP	NNP	NNP	1	1
6	15	2023	CD	NNP	CD	0	0
6	16	.	.	.	.	1	1
7	1	New	NNP	NNP	NNP	1	1
7	2	Zealand	NNP	NNP	NNP	1	1
7	3	's	POS	POS	POS	1	1
7	4	parliament	NN	NN	NN	1	1
7	5	last	JJ	JJ	JJ	1	1
7	6	week	NN	NN	NN	1	1
7	7	passed	VBD	VBD	VBD	1	1
7	8	legislation	NN	NN	NN	1	1
7	9	needed	VBN	VBD	VBD	1	1
7	10	to	TO	TO	TO	1	1
7	11	implement	VB	VB	VB	1	1
7	12	the	DT	DT	DT	1	1
7	13	agreement	NN	NN	NN	1	1
7	14	.	.	.	.	1	1
8	1	The	DT	DT	DT	1	1
8	2	DHS	NNP	NN	NNP	0	0
8	3	did	VBD	VBD	VBD	1	1
8	4	not	RB	RB	RB	1	1
8	5	immediately	RB	RB	RB	1	1
8	6	comment	VB	VB	VB	1	1
8	7	.	.	.	.	1	1
9	1	Evoke	NNP	``	NNP	0	0
9	2	Labs	NNP	PRP	NNP	0	0
9	3	served	VBD	VBD	VBD	1	1
9	4	as	IN	IN	RB	1	1
9	5	IT	NNP	$	PRP	1	1
9	6	Partner	NNP	CD	JJR	0	0
9	7	,	,	,	,	1	1
9	8	while	IN	IN	IN	1	1
9	9	Liyasi	NNP	DT	NNP	0	0
9	10	TV	NNP	NN	NNP	1	1
9	11	was	VBD	VBD	VBD	1	1
9	12	the	DT	DT	DT	1	1
9	13	Television	NNP	NNP	NNP	1	1
9	14	Partner	NNP	NNP	NNP	0	0
9	15	.	.	.	.	1	1
10	1	Vidullanka	NNP	PRP	NNP	0	0
10	2	cautioned	VBD	VBD	VBD	1	1
10	3	that	IN	IN	IN	1	1
10	4	emerging	VBG	VBG	VBG	1	1
10	5	as	IN	IN	IN	1	1
10	6	the	DT	DT	DT	1	1
10	7	lowest-cost	JJ	JJ	JJ	0	0
10	8	bidder	NN	NN	NN	1	1
10	9	did	VBD	VBD	VBD	1	1
10	10	not	RB	RB	RB	1	1
10	11	constitute	VB	VBP	VBP	1	1
10	12	a	DT	DT	DT	1	1
10	13	formal	JJ	JJ	JJ	1	1
10	14	contract	NN	NN	NN	1	1
10	15	award	NN	NNS	NN	0	0
10	16	.	.	.	.	1	1
11	1	The	DT	DT	DT	1	1
11	2	bench	NN	NN	NN	1	1
11	3	comprised	VBD	.	VBD	0	0
11	4	Judges	NNS	''	NNS	1	1
11	5	Navaratne	NNP	VBZ	NNP	0	0
11	6	Marasinghe	NNP	RB	NNP	0	0
11	7	,	,	,	,	1	1
11	8	Ramanathan	NNP	NNP	NNP	0	0
11	9	Kannan	NNP	,	NNP	0	0
11	10	and	CC	CC	CC	1	1
11	11	Sujeewa	NNP	$	NNP	0	0
11	12	Nissanka	NNP	CD	NNP	0	0
11	13	.	.	.	.	1	1
12	1	Floods	NNS	NNP	NNS	0	0
12	2	,	,	,	,	1	1
12	3	cyclones	NNS	NNP	NNS	0	0
12	4	,	,	,	,	1	1
12	5	landslides	NNS	NNP	VBZ	0	0
12	6	,	,	,	,	1	1
12	7	droughts	NNS	NNS	NNS	1	1
12	8	,	,	,	,	1	1
12	9	wildfires	NNS	''	NNS	0	0
12	10	and	CC	CC	CC	1	1
12	11	extreme	JJ	PRP	NN	0	0
12	12	heat	NN	MD	NN	0	0
12	13	seem	VBP	VB	VBP	1	1
12	14	to	TO	TO	TO	1	1
12	15	be	VB	VB	VB	1	1
12	16	occurring	VBG	VBN	VBG	0	0
12	17	with	IN	IN	IN	1	1
12	18	regularity	NN	NNS	NN	0	0
12	19	.	.	.	.	1	1
13	1	The	DT	DT	DT	1	1
13	2	Sri	NNP	$	NNP	0	0
13	3	Lankan	JJ	CD	NNP	0	0
13	4	economy	NN	NN	NN	1	1
13	5	is	VBZ	VBZ	VBZ	1	1
13	6	not	RB	RB	RB	1	1
13	7	an	DT	DT	DT	1	1
13	8	island	NN	NN	NN	0	0
13	9	.	.	.	.	1	1
14	1	Literally	RB	NNP	RB	0	0
14	2	,	,	,	,	1	1
14	3	it	PRP	PRP	PRP	1	1
14	4	was	VBD	VBD	VBD	1	1
14	5	one	CD	CD	CD	1	1
14	6	of	IN	IN	IN	1	1
14	7	the	DT	DT	DT	1	1
14	8	earliest	JJS	JJS	JJS	1	1
14	9	works	NNS	NNS	NNS	1	1
14	10	written	VBN	VBN	VBN	1	1
14	11	based	VBN	VBN	VBN	1	1
14	12	on	IN	IN	IN	1	1
14	13	firsthand	JJ	DT	JJ	0	0
14	14	experience	NN	NN	NN	1	1
14	15	.	.	.	.	1	1
15	1	His	PRP$	PRP$	PRP$	1	1
15	2	position	NN	NN	NN	1	1
15	3	was	VBD	VBD	VBD	1	1
15	4	not	RB	RB	RB	1	1
15	5	an	DT	DT	DT	1	1
15	6	isolated	JJ	NN	JJ	0	0
15	7	or	CC	CC	CC	1	1
15	8	inexplicable	JJ	JJ	JJ	0	0
15	9	claim	NN	NN	NN	1	1
15	10	.	.	.	.	1	1
16	1	However	RB	RB	RB	1	1
16	2	,	,	,	,	1	1
16	3	limiting	VBG	VBG	VBG	1	1
16	4	the	DT	DT	DT	1	1
16	5	ban	NN	NN	NN	1	1
16	6	to	TO	TO	TO	1	1
16	7	government	NN	NN	NN	1	1
16	8	institutions	NNS	NNS	NNS	1	1
16	9	alone	RB	RB	RB	1	1
16	10	will	MD	MD	MD	1	1
16	11	have	VB	VB	VB	1	1
16	12	only	RB	RB	RB	1	1
16	13	a	DT	DT	DT	1	1
16	14	modest	JJ	JJ	JJ	1	1
16	15	impact	NN	NN	NN	1	1
16	16	.	.	.	.	1	1
17	1	Today	NN	``	NN	1	1
17	2	it	PRP	PRP	PRP	1	1
17	3	's	VBZ	VBZ	VBZ	1	1
17	4	common	JJ	JJ	JJ	1	1
17	5	and	CC	CC	CC	1	1
17	6	expensive	JJ	JJ	JJ	1	1
17	7	when	WRB	WRB	WRB	1	1
17	8	it	PRP	PRP	PRP	1	1
17	9	happens	VBZ	VBZ	VBZ	1	1
17	10	.	.	.	.	1	1
18	1	The	DT	DT	DT	1	1
18	2	platform	NN	NN	NN	0	0
18	3	also	RB	RB	RB	1	1
18	4	introduces	VBZ	VBZ	VBZ	1	1
18	5	greater	JJR	JJR	JJR	1	1
18	6	digital	JJ	.	JJ	0	0
18	7	convenience	NN	''	NN	0	0
18	8	for	IN	IN	IN	1	1
18	9	specific	JJ	JJ	JJ	1	1
18	10	customer	NN	NN	NN	1	1
18	11	needs	NNS	NNS	NNS	1	1
18	12	.	.	.	.	1	1
19	1	The	DT	DT	DT	1	1
19	2	latest	JJS	JJS	JJS	1	1
19	3	acceleration	NN	NN	NN	1	1
19	4	was	VBD	VBD	VBD	1	1
19	5	particularly	RB	RB	RB	1	1
19	6	pronounced	JJ	VBN	VBN	0	0
19	7	in	IN	IN	IN	1	1
19	8	food	NN	NN	NN	1	1
19	9	.	.	.	.	1	1
20	1	Notably	RB	NNP	RB	0	0
20	2	,	,	,	,	1	1
20	3	the	DT	DT	DT	1	1
20	4	Bank	NNP	NNP	NNP	1	1
20	5	's	POS	POS	VBZ	1	1
20	6	`	``	``	``	1	1
20	7	Trees	NNPS	RB	NNS	0	0
20	8	for	IN	IN	IN	1	1
20	9	Tomorrow	NNP	NNP	NNP	0	0
20	10	'	''	POS	POS	1	1
20	11	reforestation	NN	JJ	NN	0	0
20	12	project	NN	NN	NN	1	1
20	13	planted	VBD	VBN	VBN	1	1
20	14	over	IN	IN	IN	1	1
20	15	12,500	CD	PRP$	CD	0	0
20	16	trees	NNS	NNS	NNS	1	1
20	17	in	IN	IN	IN	1	1
20	18	2025	CD	NNS	CD	0	0
20	19	.	.	.	.	1	1
21	1	The	DT	DT	DT	1	1
21	2	auction	NN	NN	NN	1	1
21	3	offerings	NNS	.	NNS	1	1
21	4	totalled	VBD	-LRB-	VBD	0	0
21	5	5.2	CD	$	CD	0	0
21	6	million	CD	CD	CD	1	1
21	7	kilogrammes	NNS	.	NNS	0	0
21	8	-LRB-	-LRB-	-LRB-	-LRB-	1	1
21	9	M/Kgs	NNS	LS	NNP	0	0
21	10	-RRB-	-RRB-	-RRB-	-RRB-	1	1
21	11	.	.	.	.	1	1
22	1	Visa	NNP	NNP	NNP	1	1
22	2	supported	VBD	VBD	VBD	1	1
22	3	the	DT	DT	DT	1	1
22	4	forum	NN	NN	NN	1	1
22	5	as	IN	IN	IN	1	1
22	6	Platinum	NNP	$	NNP	0	0
22	7	Partner	NNP	CD	NNP	0	0
22	8	.	.	.	.	1	1
23	1	The	DT	DT	DT	1	1
23	2	mission	NN	NN	NN	0	0
23	3	,	,	,	,	1	1
23	4	which	WDT	WDT	WDT	1	1
23	5	began	VBD	VBD	VBD	1	1
23	6	on	IN	IN	IN	1	1
23	7	September	NNP	NNP	NNP	1	1
23	8	10	CD	CD	CD	1	1
23	9	,	,	,	,	1	1
23	10	is	VBZ	VBZ	VBZ	1	1
23	11	scheduled	VBN	VBN	VBN	1	1
23	12	to	TO	TO	TO	1	1
23	13	conclude	VB	VB	VB	1	1
23	14	on	IN	IN	IN	1	1
23	15	September	NNP	NNP	NNP	1	1
23	16	23	CD	CD	CD	1	1
23	17	.	.	.	.	1	1
24	1	Market	NN	NNP	NNP	1	1
24	2	turnover	NN	NNP	NN	1	1
24	3	stood	VBD	VBD	VBD	1	1
24	4	at	IN	IN	IN	1	1
24	5	LKR	$	$	TO	0	0
24	6	1.33	CD	CD	CD	0	0
24	7	billion	CD	CD	CD	1	1
24	8	,	,	,	,	1	1
24	9	with	IN	IN	IN	1	1
24	10	55.41	CD	$	CD	0	0
24	11	million	CD	CD	CD	1	1
24	12	shares	NNS	NNS	NNS	1	1
24	13	traded	VBN	VBN	VBN	1	1
24	14	.	.	.	.	1	1
25	1	Brent	NNP	NNP	NNP	1	1
25	2	prices	NNS	NNS	NNS	1	1
25	3	are	VBP	VBP	VBP	1	1
25	4	on	IN	IN	IN	1	1
25	5	track	NN	NN	NN	1	1
25	6	for	IN	IN	IN	1	1
25	7	their	PRP$	PRP$	PRP$	1	1
25	8	first	JJ	JJ	JJ	1	1
25	9	weekly	JJ	JJ	JJ	1	1
25	10	loss	NN	NN	NN	1	1
25	11	in	IN	IN	IN	1	1
25	12	three	CD	CD	CD	1	1
25	13	,	,	,	,	1	1
25	14	down	RB	RB	IN	1	1
25	15	2	CD	CD	CD	1	1
25	16	%	NN	NN	NN	1	1
25	17	.	.	.	.	1	1
26	1	Rather	RB	RB	RB	1	1
26	2	than	IN	IN	IN	1	1
26	3	holding	VBG	VBG	VBG	1	1
26	4	U.S.	NNP	NNP	NNP	1	1
26	5	Treasuries	NNPS	NNP	NNP	0	0
26	6	,	,	,	,	1	1
26	7	China	NNP	NNP	NNP	1	1
26	8	is	VBZ	VBZ	VBZ	1	1
26	9	turning	VBG	VBG	VBG	1	1
26	10	its	PRP$	PRP$	PRP$	1	1
26	11	attention	NN	NN	NN	1	1
26	12	toward	IN	IN	IN	1	1
26	13	gold	NN	NN	NN	1	1
26	14	and	CC	CC	CC	1	1
26	15	emerging	VBG	VBG	VBG	1	1
26	16	industries	NNS	NNS	NNS	1	1
26	17	.	.	.	.	1	1
27	1	There	EX	EX	EX	1	1
27	2	was	VBD	VBD	VBD	1	1
27	3	no	DT	DT	DT	1	1
27	4	immediate	JJ	JJ	JJ	1	1
27	5	comment	NN	NN	NN	1	1
27	6	from	IN	IN	IN	1	1
27	7	Pakistan	NNP	NNP	NNP	0	0
27	8	's	POS	POS	POS	1	1
27	9	government	NN	NN	NN	1	1
27	10	.	.	.	.	1	1
28	1	The	DT	DT	DT	1	1
28	2	use	NN	NN	NN	1	1
28	3	of	IN	IN	IN	1	1
28	4	such	JJ	JJ	JJ	1	1
28	5	accounts	NNS	NNS	NNS	1	1
28	6	would	MD	MD	MD	1	1
28	7	be	VB	VB	VB	1	1
28	8	capped	VBN	VBN	VBN	1	1
28	9	at	IN	IN	IN	1	1
28	10	one	CD	CD	CD	1	1
28	11	hour	NN	NN	NN	1	1
28	12	per	IN	IN	IN	1	1
28	13	day	NN	NN	NN	1	1
28	14	.	.	.	.	1	1
29	1	A	DT	DT	DT	1	1
29	2	criminal	JJ	JJ	JJ	1	1
29	3	investigation	NN	NN	NN	1	1
29	4	can	MD	MD	MD	1	1
29	5	survive	VB	VB	VB	1	1
29	6	an	DT	DT	DT	1	1
29	7	unanswered	JJ	JJ	JJ	0	0
29	8	question	NN	NN	NN	1	1
29	9	for	IN	IN	IN	1	1
29	10	a	DT	DT	DT	1	1
29	11	time	NN	NN	NN	1	1
29	12	.	.	.	.	1	1
30	1	WTI	NNP	PRP	NNP	0	0
30	2	touched	VBD	VBD	VBD	1	1
30	3	its	PRP$	PRP$	PRP$	1	1
30	4	lowest	JJS	JJS	JJS	1	1
30	5	since	IN	IN	IN	1	1
30	6	September	NNP	NNP	NNP	1	1
30	7	1	CD	CD	CD	1	1
30	8	earlier	RBR	JJR	JJR	1	1
30	9	on	IN	IN	IN	1	1
30	10	Wednesday	NNP	NNP	NNP	1	1
30	11	.	.	.	.	1	1
31	1	The	DT	DT	DT	1	1
31	2	US	NNP	NNP	NNP	1	1
31	3	and	CC	CC	CC	1	1
31	4	Israel	NNP	NNP	NNP	1	1
31	5	launched	VBD	VBD	VBD	1	1
31	6	air	NN	.	NN	1	1
31	7	strikes	NNS	''	NNS	0	0
31	8	on	IN	IN	IN	1	1
31	9	Iran	NNP	NNS	NNP	0	0
31	10	on	IN	IN	IN	1	1
31	11	28	CD	CD	CD	1	1
31	12	February	NNP	CD	NNP	1	1
31	13	.	.	.	.	1	1
32	1	Foreign	JJ	NNP	NNP	1	1
32	2	investors	NNS	NNS	NNS	1	1
32	3	,	,	,	,	1	1
32	4	however	RB	RB	RB	1	1
32	5	,	,	,	,	1	1
32	6	remained	VBD	VBD	VBD	1	1
32	7	net	JJ	JJ	JJ	1	1
32	8	sellers	NNS	NNS	NNS	1	1
32	9	with	IN	IN	IN	1	1
32	10	an	DT	DT	DT	1	1
32	11	outflow	NN	NN	NN	0	0
32	12	of	IN	IN	IN	1	1
32	13	approximately	RB	$	RB	1	1
32	14	LKR	$	CD	CD	0	0
32	15	62.10	CD	CD	CD	0	0
32	16	million	CD	CD	CD	1	1
32	17	.	.	.	.	1	1
33	1	Nevertheless	RB	RB	RB	1	1
33	2	,	,	,	,	1	1
33	3	the	DT	DT	DT	1	1
33	4	yields	NNS	NNS	NNS	1	1
33	5	in	IN	IN	IN	1	1
33	6	this	DT	DT	DT	1	1
33	7	segment	NN	NN	NN	1	1
33	8	remained	VBD	VBD	VBD	1	1
33	9	largely	RB	RB	RB	1	1
33	10	stable	JJ	JJ	JJ	1	1
33	11	.	.	.	.	1	1
34	1	The	DT	DT	DT	1	1
34	2	Bills	NNS	NN	NNS	0	0
34	3	also	RB	RB	RB	1	1
34	4	propose	VBP	VBP	VBP	1	1
34	5	measures	NNS	NNS	VBZ	1	1
34	6	to	TO	TO	TO	1	1
34	7	increase	VB	VB	VB	1	1
34	8	judicial	JJ	JJ	JJ	1	1
34	9	capacity	NN	NN	NN	1	1
34	10	at	IN	IN	IN	1	1
34	11	the	DT	DT	DT	1	1
34	12	Provincial	NNP	NNP	NNP	0	0
34	13	High	NNP	NNP	NNP	1	1
34	14	Court	NNP	NNP	NNP	1	1
34	15	level	NN	NN	NN	1	1
34	16	.	.	.	.	1	1
35	1	The	DT	DT	DT	1	1
35	2	revised	VBN	NN	VBN	1	1
35	3	calculation	NN	.	NN	0	0
35	4	excludes	VBZ	''	VBZ	0	0
35	5	students	NNS	NNS	NNS	1	1
35	6	,	,	,	,	1	1
35	7	making	VBG	VBG	VBG	1	1
35	8	direct	JJ	JJ	JJ	1	1
35	9	comparisons	NNS	NNS	NNS	0	0
35	10	with	IN	IN	IN	1	1
35	11	earlier	JJR	JJR	JJR	1	1
35	12	figures	NNS	NNS	NNS	1	1
35	13	difficult	JJ	JJ	JJ	1	1
35	14	.	.	.	.	1	1
36	1	Wellington	NNP	PRP	NNP	0	0
36	2	has	VBZ	VBZ	VBZ	1	1
36	3	also	RB	RB	RB	1	1
36	4	agreed	VBN	VBN	VBN	1	1
36	5	to	TO	TO	TO	1	1
36	6	invest	VB	VB	VBP	1	1
36	7	$	$	$	$	1	1
36	8	20	CD	CD	CD	1	1
36	9	billion	CD	CD	CD	1	1
36	10	in	IN	IN	IN	1	1
36	11	India	NNP	NNP	NNP	1	1
36	12	over	IN	IN	IN	1	1
36	13	the	DT	DT	DT	1	1
36	14	next	JJ	JJ	JJ	1	1
36	15	15	CD	CD	CD	1	1
36	16	years	NNS	NNS	NNS	1	1
36	17	.	.	.	.	1	1
37	1	The	DT	DT	DT	1	1
37	2	Trump	NNP	NNP	NNP	1	1
37	3	administration	NN	NN	NN	1	1
37	4	is	VBZ	VBZ	VBZ	1	1
37	5	expected	VBN	VBN	VBN	1	1
37	6	to	TO	TO	TO	1	1
37	7	appeal	VB	VB	VB	1	1
37	8	the	DT	DT	DT	1	1
37	9	ruling	NN	NN	NN	1	1
37	10	.	.	.	.	1	1
38	1	Vidullanka	NNP	``	NNP	0	0
38	2	currently	RB	RB	RB	1	1
38	3	has	VBZ	VBZ	VBZ	1	1
38	4	interests	NNS	NNS	NNS	1	1
38	5	in	IN	IN	IN	1	1
38	6	hydropower	NN	NNP	JJ	0	0
38	7	,	,	,	,	1	1
38	8	solar	JJ	''	JJ	0	0
38	9	and	CC	CC	CC	1	1
38	10	biomass-based	JJ	JJ	JJ	0	0
38	11	electricity	NN	NN	NN	1	1
38	12	generation	NN	NN	NN	1	1
38	13	.	.	.	.	1	1
39	1	Initially	RB	NNP	RB	0	0
39	2	,	,	,	,	1	1
39	3	25	CD	CD	CD	1	1
39	4	people	NNS	NNS	NNS	1	1
39	5	were	VBD	VBD	VBD	1	1
39	6	charged	VBN	VBN	VBN	1	1
39	7	over	IN	IN	IN	1	1
39	8	their	PRP$	PRP$	PRP$	1	1
39	9	role	NN	NN	NN	1	1
39	10	in	IN	IN	IN	1	1
39	11	the	DT	DT	DT	1	1
39	12	bombings	NNS	NN	NNS	0	0
39	13	.	.	.	.	1	1
40	1	The	DT	DT	DT	1	1
40	2	central	JJ	JJ	JJ	1	1
40	3	message	NN	NN	NN	1	1
40	4	is	VBZ	VBZ	VBZ	1	1
40	5	brutally	RB	DT	RB	0	0
40	6	simple	JJ	JJ	JJ	1	1
40	7	:	:	:	:	1	1
40	8	nature	NN	NN	NN	1	1
40	9	does	VBZ	VBZ	VBZ	1	1
40	10	not	RB	RB	RB	1	1
40	11	need	VB	VBP	VB	1	1
40	12	us	PRP	PRP	PRP	1	1
40	13	,	,	,	,	1	1
40	14	but	CC	CC	CC	1	1
40	15	we	PRP	PRP	PRP	1	1
40	16	need	VBP	VBP	VBP	1	1
40	17	nature	NN	NN	NN	1	1
40	18	.	.	.	.	1	1
41	1	And	CC	CC	CC	1	1
41	2	now	RB	RB	RB	1	1
41	3	we	PRP	PRP	PRP	1	1
41	4	are	VBP	VBP	VBP	1	1
41	5	staring	VBG	VBN	VBG	0	0
41	6	at	IN	IN	IN	1	1
41	7	economic	JJ	JJ	JJ	1	1
41	8	and	CC	CC	CC	1	1
41	9	political	JJ	JJ	JJ	1	1
41	10	developments	NNS	NNS	NNS	0	0
41	11	that	WDT	WDT	IN	1	1
41	12	signal	VBP	VBZ	VB	1	1
41	13	a	DT	DT	DT	1	1
41	14	dangerous	JJ	JJ	JJ	0	0
41	15	world	NN	NN	NN	1	1
41	16	.	.	.	.	1	1
42	1	The	DT	DT	DT	1	1
42	2	failure	NN	NN	NN	0	0
42	3	of	IN	IN	IN	1	1
42	4	his	PRP$	PRP$	PRP$	1	1
42	5	political	JJ	JJ	JJ	1	1
42	6	gamble	NN	NNS	NN	0	0
42	7	resulted	VBD	VBD	VBD	1	1
42	8	in	IN	IN	IN	1	1
42	9	a	DT	DT	DT	1	1
42	10	major	JJ	JJ	JJ	1	1
42	11	transition	NN	NN	NN	1	1
42	12	in	IN	IN	IN	1	1
42	13	Lankan	JJ	DT	NNP	0	0
42	14	political	JJ	JJ	JJ	1	1
42	15	history	NN	NN	NN	1	1
42	16	.	.	.	.	1	1
43	1	Legitimate	JJ	DT	NNP	0	0
43	2	criticism	NN	NN	NN	1	1
43	3	or	CC	CC	CC	1	1
43	4	disagreement	NN	NN	NN	1	1
43	5	should	MD	MD	MD	1	1
43	6	not	RB	RB	RB	1	1
43	7	automatically	RB	TO	RB	0	0
43	8	become	VB	VB	VB	1	1
43	9	a	DT	DT	DT	1	1
43	10	criminal	JJ	JJ	JJ	1	1
43	11	matter	NN	NN	NN	1	1
43	12	.	.	.	.	1	1
44	1	Such	JJ	JJ	JJ	1	1
44	2	action	NN	NN	NN	1	1
44	3	would	MD	MD	MD	1	1
44	4	also	RB	RB	RB	1	1
44	5	enhance	VB	.	VB	0	0
44	6	Sri	NNP	''	NNP	0	0
44	7	Lanka	NNP	NNP	NNP	0	0
44	8	's	POS	POS	POS	1	1
44	9	image	NN	NN	NN	1	1
44	10	as	IN	IN	IN	1	1
44	11	an	DT	DT	DT	1	1
44	12	environmentally	RB	JJ	RB	0	0
44	13	responsible	JJ	JJ	JJ	1	1
44	14	nation	NN	NN	NN	1	1
44	15	.	.	.	.	1	1
45	1	HR	NNP	``	NNP	0	0
45	2	Optimizer	NNP	PRP	NNP	0	0
45	3	was	VBD	VBD	VBD	1	1
45	4	built	VBN	VBN	VBN	1	1
45	5	to	TO	TO	TO	1	1
45	6	be	VB	VB	VB	1	1
45	7	global-ready	JJ	VBN	JJ	0	0
45	8	from	IN	IN	IN	1	1
45	9	day	NN	$	NN	1	1
45	10	one	CD	CD	CD	1	1
45	11	.	.	.	.	1	1
46	1	Pan	NNP	NNP	NNP	1	1
46	2	Asia	NNP	NNP	NNP	1	1
46	3	EZY	NNP	NNP	NNP	0	0
46	4	has	VBZ	VBZ	VBZ	1	1
46	5	been	VBN	VBN	VBN	1	1
46	6	developed	VBN	VBN	VBN	1	1
46	7	with	IN	IN	IN	1	1
46	8	everyday	JJ	DT	JJ	0	0
46	9	customer	NN	NN	NN	1	1
46	10	behaviour	NN	NNS	NN	0	0
46	11	in	IN	IN	IN	1	1
46	12	mind	NN	NN	NN	1	1
46	13	.	.	.	.	1	1
47	1	It	PRP	PRP	PRP	1	1
47	2	stood	VBD	VBD	VBD	1	1
47	3	at	IN	IN	IN	1	1
47	4	just	RB	RB	RB	1	1
47	5	3.4	CD	CD	CD	1	1
47	6	percent	NN	NN	NN	1	1
47	7	in	IN	IN	IN	1	1
47	8	January	NNP	NNP	NNP	1	1
47	9	.	.	.	.	1	1
48	1	An	DT	DT	DT	1	1
48	2	improved	VBN	VBN	VBN	1	1
48	3	demand	NN	NN	NN	1	1
48	4	was	VBD	VBD	VBD	1	1
48	5	seen	VBN	VBN	VBN	1	1
48	6	for	IN	IN	IN	1	1
48	7	the	DT	DT	DT	1	1
48	8	Orthodox/Rotovane	NNP	JJ	NNP	0	0
48	9	teas	NNS	NNS	NNS	0	0
48	10	,	,	,	,	1	1
48	11	following	VBG	VBG	VBG	1	1
48	12	quality	NN	NN	NN	1	1
48	13	.	.	.	.	1	1
49	1	John	NNP	NNP	NNP	1	1
49	2	Keells	NNP	NNP	NNPS	0	0
49	3	Holdings	NNP	NNP	NNP	1	1
49	4	provided	VBD	VBD	VBD	1	1
49	5	the	DT	DT	DT	1	1
49	6	strongest	JJS	JJS	JJS	1	1
49	7	positive	JJ	JJ	JJ	1	1
49	8	contribution	NN	NN	NN	1	1
49	9	.	.	.	.	1	1
50	1	Transporting	VBG	DT	VBG	0	0
50	2	oil	NN	NN	NN	1	1
50	3	through	IN	IN	IN	1	1
50	4	the	DT	DT	DT	1	1
50	5	region	NN	NN	NN	1	1
50	6	remains	VBZ	VBZ	VBZ	1	1
50	7	risky	JJ	RB	VB	0	0
50	8	,	,	,	,	1	1
50	9	however	RB	RB	RB	1	1
50	10	.	.	.	.	1	1
51	1	Experts	NNS	DT	NNS	1	1
51	2	caution	VBP	NN	NN	1	1
51	3	,	,	,	,	1	1
51	4	however	RB	RB	RB	1	1
51	5	,	,	,	,	1	1
51	6	that	IN	IN	IN	1	1
51	7	China	NNP	NNP	NNP	1	1
51	8	's	POS	POS	POS	1	1
51	9	actual	JJ	JJ	JJ	1	1
51	10	U.S.	NNP	NNP	NNP	1	1
51	11	Treasury	NNP	NNP	NNP	1	1
51	12	holdings	NNS	NNS	NNS	1	1
51	13	may	MD	MD	MD	1	1
51	14	exceed	VB	VB	VB	1	1
51	15	the	DT	DT	DT	1	1
51	16	officially	RB	RB	RB	1	1
51	17	reported	VBN	VBN	VBN	1	1
51	18	figures	NNS	NNS	NNS	1	1
51	19	.	.	.	.	1	1
52	1	The	DT	DT	DT	1	1
52	2	ban	NN	NN	NN	1	1
52	3	was	VBD	VBD	VBD	1	1
52	4	later	RB	JJ	JJ	1	1
52	5	struck	VBN	NNS	NN	0	0
52	6	down	RP	RB	RP	1	1
52	7	by	IN	IN	IN	1	1
52	8	the	DT	DT	DT	1	1
52	9	country	NN	NN	NN	1	1
52	10	's	POS	POS	POS	1	1
52	11	Constitutional	NNP	NNP	NNP	1	1
52	12	Court	NNP	NNP	NNP	1	1
52	13	,	,	,	,	1	1
52	14	however	RB	RB	RB	1	1
52	15	.	.	.	.	1	1
53	1	His	PRP$	PRP$	PRP$	1	1
53	2	death	NN	NN	NN	1	1
53	3	was	VBD	VBD	VBD	1	1
53	4	initially	RB	RB	RB	1	1
53	5	viewed	VBN	VBN	VBN	1	1
53	6	by	IN	IN	IN	1	1
53	7	police	NNS	NNS	NNS	1	1
53	8	through	IN	IN	IN	1	1
53	9	the	DT	DT	DT	1	1
53	10	possibility	NN	NN	NN	1	1
53	11	of	IN	IN	IN	1	1
53	12	suicide	NN	NNS	JJ	0	0
53	13	.	.	.	.	1	1
54	1	Iraq	NNP	NNP	NNP	0	0
54	2	,	,	,	,	1	1
54	3	too	RB	RB	RB	1	1
54	4	,	,	,	,	1	1
54	5	is	VBZ	VBZ	VBZ	1	1
54	6	increasing	VBG	VBG	VBG	1	1
54	7	oil	NN	NN	NN	1	1
54	8	exports	NNS	NNS	NNS	1	1
54	9	,	,	,	,	1	1
54	10	its	PRP$	PRP$	PRP$	1	1
54	11	oil	NN	NN	NN	1	1
54	12	minister	NN	NN	NN	1	1
54	13	said	VBD	VBD	VBD	1	1
54	14	on	IN	IN	IN	1	1
54	15	Tuesday	NNP	NNP	NNP	1	1
54	16	.	.	.	.	1	1
55	1	Iran	NNP	DT	NNP	0	0
55	2	state	NN	NN	NN	1	1
55	3	TV	NN	NN	NN	1	1
55	4	confirmed	VBD	VBD	VBD	1	1
55	5	that	IN	IN	IN	1	1
55	6	Foreign	NNP	NNP	NNP	1	1
55	7	Minister	NNP	NNP	NNP	1	1
55	8	Abbas	NNP	.	NNP	0	0
55	9	Araghchi	NNP	''	NNP	0	0
55	10	had	VBD	VBD	VBD	1	1
55	11	met	VBN	VBN	VBN	1	1
55	12	Witkoff	NNP	NNS	NNP	0	0
55	13	.	.	.	.	1	1
56	1	Lion	NNP	``	NNP	0	0
56	2	Brewery	NNP	PRP	NNP	0	0
56	3	was	VBD	VBD	VBD	1	1
56	4	the	DT	DT	DT	1	1
56	5	largest	JJS	JJS	JJS	1	1
56	6	negative	JJ	JJ	JJ	1	1
56	7	contributor	NN	NNS	NN	0	0
56	8	.	.	.	.	1	1
57	1	Both	DT	DT	DT	1	1
57	2	investor	NN	NN	NN	1	1
57	3	participation	NN	NN	NN	1	1
57	4	and	CC	CC	CC	1	1
57	5	market	NN	NN	NN	1	1
57	6	volumes	NNS	,	NNS	0	0
57	7	appeared	VBD	VBD	VBD	1	1
57	8	moderate	JJ	JJ	JJ	1	1
57	9	yesterday	NN	NN	NN	1	1
57	10	.	.	.	.	1	1
58	1	The	DT	DT	DT	1	1
58	2	technology	NN	NN	NN	1	1
58	3	sector	NN	NN	NN	1	1
58	4	,	,	,	,	1	1
58	5	in	IN	IN	IN	1	1
58	6	particular	JJ	JJ	JJ	1	1
58	7	,	,	,	,	1	1
58	8	is	VBZ	VBZ	VBZ	1	1
58	9	undergoing	VBG	VBG	VBG	1	1
58	10	changes	NNS	NNS	NNS	1	1
58	11	as	IN	IN	IN	1	1
58	12	companies	NNS	NNS	NNS	1	1
58	13	increasingly	RB	RB	RB	1	1
58	14	adopt	VBP	$	VB	0	0
58	15	AI-powered	JJ	CD	JJ	0	0
58	16	tools	NNS	NNS	NNS	1	1
58	17	.	.	.	.	1	1
59	1	New	NNP	NNP	NNP	1	1
59	2	Zealand	NNP	NNP	NNP	1	1
59	3	exporters	NNS	NNS	NNS	1	1
59	4	will	MD	MD	MD	1	1
59	5	receive	VB	VB	VB	1	1
59	6	preferential	JJ	DT	JJ	0	0
59	7	quota	NN	NN	NN	1	1
59	8	access	NN	NN	NN	1	1
59	9	for	IN	IN	IN	1	1
59	10	apples	NNS	NNS	NNS	1	1
59	11	,	,	,	,	1	1
59	12	kiwifruit	NN	''	NN	0	0
59	13	and	CC	CC	CC	1	1
59	14	albumins	NNS	NNS	NNS	0	0
59	15	.	.	.	.	1	1
60	1	The	DT	DT	DT	1	1
60	2	controversial	JJ	JJ	JJ	1	1
60	3	programme	NN	NN	NN	0	0
60	4	has	VBZ	VBZ	VBZ	1	1
60	5	reached	VBN	VBN	VBN	1	1
60	6	the	DT	DT	DT	1	1
60	7	Supreme	NNP	NNP	NNP	1	1
60	8	Court	NNP	NNP	NNP	1	1
60	9	twice	RB	NNP	RB	1	1
60	10	.	.	.	.	1	1
61	1	After	IN	IN	IN	1	1
61	2	one	CD	CD	CD	1	1
61	3	of	IN	IN	IN	1	1
61	4	the	DT	DT	DT	1	1
61	5	accused	VBN	VBN	VBD	1	1
61	6	died	VBD	VBN	VBD	1	1
61	7	,	,	,	,	1	1
61	8	24	CD	WDT	CD	1	1
61	9	were	VBD	VBD	VBD	1	1
61	10	indicted	VBN	VBN	VBN	0	0
61	11	in	IN	IN	IN	1	1
61	12	October	NNP	NNP	NNP	1	1
61	13	2021	CD	NNP	CD	0	0
61	14	.	.	.	.	1	1
62	1	Perhaps	RB	``	RB	1	1
62	2	we	PRP	PRP	PRP	1	1
62	3	can	MD	MD	MD	1	1
62	4	even	RB	RB	RB	1	1
62	5	be	VB	VB	VB	1	1
62	6	excused	VBN	VBN	VBN	0	0
62	7	for	IN	IN	IN	1	1
62	8	this	DT	DT	DT	1	1
62	9	arrogance	NN	NN	NN	0	0
62	10	.	.	.	.	1	1
63	1	Global	JJ	DT	JJ	0	0
63	2	trade	NN	NN	NN	1	1
63	3	is	VBZ	VBZ	VBZ	1	1
63	4	precarious	JJ	VBN	JJ	0	0
63	5	with	IN	IN	IN	1	1
63	6	Trump	NNP	NNP	NNP	1	1
63	7	's	POS	POS	POS	1	1
63	8	arbitrary	JJ	JJ	JJ	0	0
63	9	tariffs	NNS	NNS	NNS	0	0
63	10	over	IN	IN	IN	1	1
63	11	the	DT	DT	DT	1	1
63	12	last	JJ	JJ	JJ	1	1
63	13	year	NN	NN	NN	1	1
63	14	and	CC	CC	CC	1	1
63	15	a	DT	DT	DT	1	1
63	16	half	NN	NN	NN	1	1
63	17	.	.	.	.	1	1
64	1	Great	JJ	NNP	NNP	1	1
64	2	mischief	NN	VBD	VBP	0	0
64	3	they	PRP	PRP	PRP	1	1
64	4	did	VBD	VBD	VBD	1	1
64	5	him	PRP	PRP	PRP	1	1
64	6	,	,	,	,	1	1
64	7	the	DT	DT	DT	1	1
64	8	often	RB	JJ	RB	1	1
64	9	times	NNS	NNS	NNS	1	1
64	10	great	JJ	JJ	JJ	1	1
64	11	loss	NN	NN	NN	1	1
64	12	on	IN	IN	IN	1	1
64	13	their	PRP$	PRP$	PRP$	1	1
64	14	sides	NNS	NNS	NNS	1	1
64	15	.	.	.	.	1	1
65	1	Protecting	VBG	``	VBG	0	0
65	2	the	DT	DT	DT	1	1
65	3	environment	NN	NN	NN	1	1
65	4	is	VBZ	VBZ	VBZ	1	1
65	5	a	DT	DT	DT	1	1
65	6	shared	VBN	JJ	VBN	1	1
65	7	responsibility	NN	NN	NN	1	1
65	8	.	.	.	.	1	1
66	1	And	CC	CC	CC	1	1
66	2	the	DT	DT	DT	1	1
66	3	standard	NN	NN	NN	1	1
66	4	that	WDT	IN	WDT	1	1
66	5	governs	VBZ	``	VBZ	0	0
66	6	it	PRP	PRP	PRP	1	1
66	7	needs	VBZ	VBZ	VBZ	1	1
66	8	to	TO	TO	TO	1	1
66	9	hold	VB	VB	VB	1	1
66	10	up	RP	RP	RP	1	1
66	11	anywhere	RB	RB	RB	1	1
66	12	in	IN	IN	IN	1	1
66	13	the	DT	DT	DT	1	1
66	14	world	NN	NN	NN	1	1
66	15	.	.	.	.	1	1
67	1	Getting	VBG	``	VBG	1	1
67	2	started	VBN	PRP	VBD	1	1
67	3	has	VBZ	VBZ	VBZ	1	1
67	4	also	RB	RB	RB	1	1
67	5	been	VBN	VBN	VBN	1	1
67	6	simplified	VBN	NNS	VBN	0	0
67	7	.	.	.	.	1	1
68	1	The	DT	DT	DT	1	1
68	2	composition	NN	NN	NN	0	0
68	3	of	IN	IN	IN	1	1
68	4	inflation	NN	NN	NN	1	1
68	5	also	RB	RB	RB	1	1
68	6	underscores	VBZ	VB	VBZ	0	0
68	7	the	DT	DT	DT	1	1
68	8	pressure	NN	NN	NN	1	1
68	9	on	IN	IN	IN	1	1
68	10	the	DT	DT	DT	1	1
68	11	household	NN	NN	NN	1	1
68	12	expenditure	NN	NNS	NN	0	0
68	13	.	.	.	.	1	1
69	1	The	DT	DT	DT	1	1
69	2	Ex-Estate	NNP	NN	JJ	0	0
69	3	offerings	NNS	.	NNS	1	1
69	4	comprised	VBD	''	VBN	0	0
69	5	of	IN	IN	IN	1	1
69	6	0.7	CD	CD	CD	1	1
69	7	M/Kgs	NNS	CD	NNS	0	0
69	8	.	.	.	.	1	1
70	1	These	DT	DT	DT	1	1
70	2	developments	NNS	NN	NNS	0	0
70	3	may	MD	MD	MD	1	1
70	4	carry	VB	VB	VB	1	1
70	5	indirect	JJ	JJ	JJ	1	1
70	6	implications	NNS	NNS	NNS	1	1
70	7	for	IN	IN	IN	1	1
70	8	South	NNP	NNP	NNP	1	1
70	9	Korean	JJ	POS	NNP	0	0
70	10	financial	JJ	JJ	JJ	1	1
70	11	markets	NNS	NNS	NNS	1	1
70	12	.	.	.	.	1	1
71	1	His	PRP$	PRP$	PRP$	1	1
71	2	family	NN	NN	NN	1	1
71	3	disputed	VBD	VBN	VBN	1	1
71	4	that	DT	IN	IN	1	1
71	5	account	NN	NN	NN	1	1
71	6	,	,	,	,	1	1
71	7	questioned	VBD	VBD	VBD	1	1
71	8	the	DT	DT	DT	1	1
71	9	post-mortem	JJ	JJ	JJ	0	0
71	10	findings	NNS	NNS	NNS	1	1
71	11	and	CC	CC	CC	1	1
71	12	sought	VBD	VBD	VBN	1	1
71	13	judicial	JJ	JJ	JJ	1	1
71	14	intervention	NN	NN	NN	1	1
71	15	.	.	.	.	1	1
72	1	Analysts	NNS	NNS	NNS	1	1
72	2	polled	VBN	VBD	VBD	1	1
72	3	by	IN	IN	IN	1	1
72	4	Reuters	NNP	NNP	NNP	1	1
72	5	had	VBD	VBD	VBD	1	1
72	6	expected	VBN	VBN	VBN	1	1
72	7	a	DT	DT	DT	1	1
72	8	decline	NN	NN	NN	1	1
72	9	.	.	.	.	1	1
73	1	Since	IN	IN	IN	1	1
73	2	the	DT	DT	DT	1	1
73	3	ceasefire	NN	JJ	NN	0	0
73	4	collapsed	VBD	NNS	VBD	1	1
73	5	,	,	,	,	1	1
73	6	both	DT	DT	DT	1	1
73	7	sides	NNS	NNS	NNS	1	1
73	8	have	VBP	VBP	VBP	1	1
73	9	intermittently	RB	VBG	RB	0	0
73	10	exchanged	VBN	DT	VBN	0	0
73	11	fire	NN	NN	NN	1	1
73	12	.	.	.	.	1	1
74	1	The	DT	DT	DT	1	1
74	2	potential	JJ	JJ	JJ	1	1
74	3	employment	NN	NN	NN	1	1
74	4	impact	NN	NN	NN	1	1
74	5	of	IN	IN	IN	1	1
74	6	AI	NNP	DT	NNP	0	0
74	7	extends	VBZ	NN	VBZ	0	0
74	8	beyond	IN	IN	IN	1	1
74	9	China	NNP	NNP	NNP	1	1
74	10	.	.	.	.	1	1
75	1	The	DT	DT	DT	1	1
75	2	DHS	NNP	NN	NNP	0	0
75	3	called	VBD	VBD	VBD	1	1
75	4	the	DT	DT	DT	1	1
75	5	removals	NNS	NN	NNS	0	0
75	6	``	``	``	``	1	1
75	7	a	DT	DT	DT	1	1
75	8	win	NN	.	VBP	1	1
75	9	''	''	''	''	1	1
75	10	,	,	,	,	1	1
75	11	while	IN	IN	IN	1	1
75	12	rights	NNS	NNS	NNS	1	1
75	13	groups	NNS	NNS	NNS	1	1
75	14	said	VBD	VBD	VBD	1	1
75	15	they	PRP	PRP	PRP	1	1
75	16	flouted	VBD	VBP	VBD	0	0
75	17	basic	JJ	JJ	JJ	1	1
75	18	protections	NNS	NNS	NNS	1	1
75	19	.	.	.	.	1	1
76	1	In	IN	IN	IN	1	1
76	2	fact	NN	NN	NN	1	1
76	3	,	,	,	,	1	1
76	4	we	PRP	PRP	PRP	1	1
76	5	may	MD	MD	MD	1	1
76	6	perhaps	RB	RB	RB	1	1
76	7	be	VB	VB	VB	1	1
76	8	excused	VBN	VBN	VBN	0	0
76	9	for	IN	IN	IN	1	1
76	10	occasionally	RB	RB	RB	1	1
76	11	thinking	VBG	VBG	VBG	1	1
76	12	that	IN	IN	IN	1	1
76	13	we	PRP	PRP	PRP	1	1
76	14	are	VBP	VBP	VBP	1	1
76	15	God	NNP	VBN	RB	0	0
76	16	.	.	.	.	1	1
77	1	This	DT	DT	DT	1	1
77	2	would	MD	NN	MD	1	1
77	3	in	IN	IN	IN	1	1
77	4	effect	NN	NN	NN	1	1
77	5	,	,	,	,	1	1
77	6	lead	VB	VBP	VBP	1	1
77	7	to	TO	TO	TO	1	1
77	8	even	RB	RB	VB	1	1
77	9	higher	JJR	JJR	JJR	1	1
77	10	interest	NN	NN	NN	1	1
77	11	costs	NNS	NNS	NNS	1	1
77	12	for	IN	IN	IN	1	1
77	13	developing	VBG	VBG	VBG	1	1
77	14	countries	NNS	NNS	NNS	1	1
77	15	like	IN	IN	IN	1	1
77	16	ours	PRP	NNS	NNS	0	0
77	17	.	.	.	.	1	1
78	1	To	TO	TO	TO	1	1
78	2	achieve	VB	VB	VB	1	1
78	3	this	DT	DT	DT	1	1
78	4	goal	NN	NN	NN	1	1
78	5	,	,	,	,	1	1
78	6	he	PRP	PRP	PRP	1	1
78	7	was	VBD	VBD	VBD	1	1
78	8	willing	JJ	JJ	JJ	1	1
78	9	to	TO	TO	TO	1	1
78	10	pay	VB	VB	VB	1	1
78	11	a	DT	DT	DT	1	1
78	12	heavy	JJ	JJ	JJ	1	1
78	13	price	NN	NN	NN	1	1
78	14	.	.	.	.	1	1
79	1	Datamation	NNP	NNP	NNP	0	0
79	2	Systems	NNPS	NNP	NNPS	1	1
79	3	Ltd	NNP	NNP	NNP	1	1
79	4	has	VBZ	VBZ	VBZ	1	1
79	5	been	VBN	VBN	VBN	1	1
79	6	successfully	RB	RB	RB	1	1
79	7	providing	VBG	VBG	VBG	1	1
79	8	business	NN	NN	NN	1	1
79	9	solutions	NNS	NNS	NNS	1	1
79	10	since	IN	IN	IN	1	1
79	11	1986	CD	CD	CD	1	1
79	12	.	.	.	.	1	1
80	1	Integrated	VBN	``	NNP	0	0
80	2	eKYC	NNP	PRP	VBZ	0	0
80	3	capabilities	NNS	VBP	VBZ	0	0
80	4	also	RB	RB	RB	1	1
80	5	support	VBP	VB	VB	1	1
80	6	registration	NN	NN	NN	1	1
80	7	using	VBG	VBG	VBG	1	1
80	8	international	JJ	JJ	JJ	1	1
80	9	mobile	JJ	JJ	JJ	1	1
80	10	numbers	NNS	NNS	NNS	1	1
80	11	.	.	.	.	1	1
81	1	Petrol	NN	RB	NNP	0	0
81	2	accounted	VBD	VBN	VBN	1	1
81	3	for	IN	IN	IN	1	1
81	4	1.14	CD	CD	CD	1	1
81	5	percentage	NN	NN	NN	1	1
81	6	points	NNS	NNS	NNS	1	1
81	7	,	,	,	,	1	1
81	8	bus	NN	WDT	JJ	0	0
81	9	fares	NNS	MD	NNS	0	0
81	10	0.36	CD	VB	CD	0	0
81	11	points	NNS	NNS	NNS	1	1
81	12	and	CC	CC	CC	1	1
81	13	diesel	NN	$	VB	0	0
81	14	0.16	CD	CD	CD	1	1
81	15	points	NNS	NNS	NNS	1	1
81	16	.	.	.	.	1	1
82	1	There	EX	EX	EX	1	1
82	2	was	VBD	VBD	VBD	1	1
82	3	an	DT	DT	DT	1	1
82	4	improved	VBN	VBN	VBN	1	1
82	5	selection	NN	VBN	NN	0	0
82	6	of	IN	IN	IN	1	1
82	7	teas	NNS	VBG	NNS	0	0
82	8	both	DT	DT	PDT	1	1
82	9	from	IN	IN	IN	1	1
82	10	the	DT	DT	DT	1	1
82	11	Western	JJ	JJ	NNP	1	1
82	12	and	CC	CC	CC	1	1
82	13	Eastern	JJ	NNP	NNP	1	1
82	14	sectors	NNS	NNS	NNS	1	1
82	15	.	.	.	.	1	1
83	1	A	DT	DT	DT	1	1
83	2	fresh	JJ	JJ	JJ	1	1
83	3	examination	NN	NN	NN	1	1
83	4	after	IN	IN	IN	1	1
83	5	exhumation	NN	PRP	NN	0	0
83	6	subsequently	RB	VBP	RB	0	0
83	7	produced	VBD	VBN	VBD	1	1
83	8	findings	NNS	NNS	NNS	1	1
83	9	that	WDT	WDT	WDT	1	1
83	10	were	VBD	VBD	VBD	1	1
83	11	inconsistent	JJ	VBN	VB	0	0
83	12	with	IN	IN	IN	1	1
83	13	suicide	NN	NNS	NN	0	0
83	14	.	.	.	.	1	1
84	1	Official	JJ	DT	JJ	0	0
84	2	weekly	JJ	JJ	JJ	1	1
84	3	inventory	NN	NN	NN	1	1
84	4	figures	NNS	NNS	NNS	1	1
84	5	from	IN	IN	IN	1	1
84	6	the	DT	DT	DT	1	1
84	7	US	NNP	NNP	NNP	1	1
84	8	Energy	NNP	NNP	NNP	1	1
84	9	Information	NNP	NNP	NNP	1	1
84	10	Administration	NNP	NNP	NNP	1	1
84	11	are	VBP	VBP	VBP	1	1
84	12	due	JJ	JJ	JJ	1	1
84	13	at	IN	IN	IN	1	1
84	14	10:30	CD	$	CD	0	0
84	15	a.m.	NN	CD	NN	0	0
84	16	.	.	.	.	1	1
85	1	The	DT	DT	DT	1	1
85	2	figures	NNS	NNS	NNS	1	1
85	3	highlight	VBP	IN	VB	1	1
85	4	the	DT	DT	DT	1	1
85	5	importance	NN	NN	NN	1	1
85	6	of	IN	IN	IN	1	1
85	7	distinguishing	VBG	NNS	VBG	0	0
85	8	between	IN	IN	IN	1	1
85	9	exposure	NN	NN	NN	1	1
85	10	to	TO	TO	TO	1	1
85	11	AI	NNP	VB	NNP	0	0
85	12	and	CC	CC	CC	1	1
85	13	actual	JJ	JJ	JJ	1	1
85	14	job	NN	NN	NN	1	1
85	15	displacement	NN	NNS	NN	0	0
85	16	.	.	.	.	1	1
86	1	The	DT	DT	DT	1	1
86	2	Trump	NNP	NNP	NNP	1	1
86	3	administration	NN	NN	NN	1	1
86	4	's	POS	POS	POS	1	1
86	5	immigration	NN	JJ	NN	0	0
86	6	agenda	NN	NN	NN	1	1
86	7	has	VBZ	VBZ	VBZ	1	1
86	8	faced	VBN	VBN	VBN	1	1
86	9	a	DT	DT	DT	1	1
86	10	string	NN	NN	VB	1	1
86	11	of	IN	IN	IN	1	1
86	12	setbacks	NNS	VBG	NNS	0	0
86	13	this	DT	DT	DT	1	1
86	14	month	NN	NN	NN	1	1
86	15	.	.	.	.	1	1
87	1	Perhaps	RB	IN	RB	1	1
87	2	our	PRP$	PRP$	PRP$	1	1
87	3	scientific	JJ	JJ	JJ	1	1
87	4	achievements	NNS	NNS	NNS	0	0
87	5	have	VBP	VBP	VBP	1	1
87	6	therefore	RB	RB	RB	1	1
87	7	given	VBN	VBN	VBN	1	1
87	8	us	PRP	IN	PRP	1	1
87	9	a	DT	DT	DT	1	1
87	10	rather	RB	RB	RB	1	1
87	11	dangerous	JJ	$	JJ	0	0
87	12	illusion	NN	CD	NN	0	0
87	13	.	.	.	.	1	1
88	1	Production	NN	``	NNP	0	0
88	2	of	IN	IN	IN	1	1
88	3	goods	NNS	NNS	NNS	1	1
88	4	were	VBD	VBD	VBD	1	1
88	5	apparently	RB	RB	RB	1	1
88	6	secondary	JJ	JJ	JJ	1	1
88	7	,	,	,	,	1	1
88	8	and	CC	CC	CC	1	1
88	9	it	PRP	PRP	PRP	1	1
88	10	was	VBD	VBD	VBD	1	1
88	11	information	NN	NN	NN	1	1
88	12	technology	NN	NN	NN	1	1
88	13	that	WDT	WDT	WDT	1	1
88	14	would	MD	MD	MD	1	1
88	15	determine	VB	VB	VB	1	1
88	16	everything	NN	NN	NN	1	1
88	17	.	.	.	.	1	1
89	1	Jaffna	NNP	``	NNP	0	0
89	2	at	IN	IN	IN	1	1
89	3	the	DT	DT	DT	1	1
89	4	time	NN	NN	NN	1	1
89	5	,	,	,	,	1	1
89	6	was	VBD	VBD	VBD	1	1
89	7	the	DT	DT	DT	1	1
89	8	main	JJ	JJ	JJ	1	1
89	9	market	NN	NN	NN	1	1
89	10	for	IN	IN	IN	1	1
89	11	elephants	NNS	DT	NNS	0	0
89	12	captured	VBN	NN	VBN	0	0
89	13	in	IN	IN	IN	1	1
89	14	the	DT	DT	DT	1	1
89	15	island	NN	NN	NN	0	0
89	16	.	.	.	.	1	1
90	1	People	NNS	NNS	NNS	1	1
90	2	increasingly	RB	RB	RB	1	1
90	3	expect	VBP	VBP	VBP	1	1
90	4	banking	NN	VBG	VBG	1	1
90	5	to	TO	TO	TO	1	1
90	6	fit	VB	VB	NN	1	1
90	7	around	IN	IN	IN	1	1
90	8	their	PRP$	PRP$	PRP$	1	1
90	9	lives	NNS	NNS	NNS	1	1
90	10	,	,	,	,	1	1
90	11	rather	RB	RB	RB	1	1
90	12	than	IN	IN	IN	1	1
90	13	the	DT	DT	DT	1	1
90	14	other	JJ	JJ	JJ	1	1
90	15	way	NN	NN	NN	1	1
90	16	around	RB	IN	RB	1	1
90	17	.	.	.	.	1	1
91	1	The	DT	DT	DT	1	1
91	2	food	NN	NN	NN	1	1
91	3	pressures	NNS	NNS	NNS	1	1
91	4	were	VBD	VBD	VBD	1	1
91	5	also	RB	RB	RB	1	1
91	6	spread	VBN	VBN	VBN	1	1
91	7	across	IN	IN	IN	1	1
91	8	several	JJ	JJ	JJ	1	1
91	9	staples	NNS	NNS	NNS	0	0
91	10	and	CC	CC	CC	1	1
91	11	commonly	RB	PRP	RB	0	0
91	12	purchased	VBN	VBD	VBN	1	1
91	13	items	NNS	NNS	NNS	1	1
91	14	.	.	.	.	1	1
92	1	The	DT	DT	DT	1	1
92	2	corresponding	JJ	NN	VBG	0	0
92	3	BOPFs	NNS	VBZ	NNS	0	0
92	4	sold	VBD	VBN	VBD	1	1
92	5	around	IN	IN	IN	1	1
92	6	last	JJ	JJ	JJ	1	1
92	7	week	NN	NN	NN	1	1
92	8	's	POS	POS	POS	1	1
92	9	levels	NNS	NNS	NNS	1	1
92	10	.	.	.	.	1	1
93	1	The	DT	DT	DT	1	1
93	2	case	NN	NN	NN	1	1
93	3	has	VBZ	VBZ	VBZ	1	1
93	4	since	RB	IN	IN	1	1
93	5	moved	VBN	VBN	VBN	1	1
93	6	beyond	IN	IN	IN	1	1
93	7	a	DT	DT	DT	1	1
93	8	disputed	VBN	JJ	VBN	1	1
93	9	death	NN	NN	NN	1	1
93	10	.	.	.	.	1	1
94	1	Scientifically	RB	NNP	RB	0	0
94	2	,	,	,	,	1	1
94	3	of	IN	IN	IN	1	1
94	4	course	NN	NN	NN	1	1
94	5	,	,	,	,	1	1
94	6	the	DT	DT	DT	1	1
94	7	answer	NN	NN	NN	1	1
94	8	has	VBZ	VBZ	VBZ	1	1
94	9	to	TO	TO	TO	1	1
94	10	be	VB	VB	VB	1	1
94	11	no	UH	RB	RB	1	1
94	12	.	.	.	.	1	1
95	1	But	CC	CC	CC	1	1
95	2	alas	UH	NNP	NNS	0	0
95	3	,	,	,	,	1	1
95	4	in	IN	IN	IN	1	1
95	5	2000	CD	CD	CD	1	1
95	6	the	DT	DT	DT	1	1
95	7	bubble	NN	JJ	NN	0	0
95	8	burst	VBD	NNS	VBP	0	0
95	9	with	IN	IN	IN	1	1
95	10	so	RB	RB	IN	1	1
95	11	many	JJ	JJ	JJ	1	1
95	12	companies	NNS	NNS	NNS	1	1
95	13	going	VBG	VBG	VBG	1	1
95	14	under	RP	IN	IN	1	1
95	15	.	.	.	.	1	1
96	1	Senarath	NNP	NNP	NNP	0	0
96	2	-LRB-	-LRB-	-LRB-	-LRB-	1	1
96	3	1604-1635CE	CD	LS	NNP	0	0
96	4	-RRB-	-RRB-	-RRB-	-RRB-	1	1
96	5	,	,	,	,	1	1
96	6	his	PRP$	PRP$	PRP$	1	1
96	7	successor	NN	NN	NN	1	1
96	8	,	,	,	,	1	1
96	9	continued	VBD	VBD	VBD	1	1
96	10	Vimaladharmasuriya	NNP	NNP	NNP	0	0
96	11	's	POS	POS	POS	1	1
96	12	policy	NN	NN	NN	1	1
96	13	of	IN	IN	IN	1	1
96	14	being	VBG	VBG	VBG	1	1
96	15	anti-Portugese	JJ	NNS	NN	0	0
96	16	.	.	.	.	1	1
97	1	Pan	NNP	NNP	NNP	1	1
97	2	Asia	NNP	NNP	NNP	1	1
97	3	EZY	NNP	NNP	NNP	0	0
97	4	is	VBZ	VBZ	VBZ	1	1
97	5	our	PRP$	PRP$	PRP$	1	1
97	6	response	NN	NN	NN	1	1
97	7	to	TO	TO	TO	1	1
97	8	that	DT	DT	IN	1	1
97	9	change	NN	NN	NN	1	1
97	10	.	.	.	.	1	1
98	1	Some	DT	DT	DT	1	1
98	2	relief	NN	NN	NN	1	1
98	3	came	VBD	VBD	VBD	1	1
98	4	from	IN	IN	IN	1	1
98	5	the	DT	DT	DT	1	1
98	6	lower	JJR	JJR	JJR	1	1
98	7	prices	NNS	NNS	NNS	1	1
98	8	for	IN	IN	IN	1	1
98	9	coconuts	NNS	NNP	NNS	0	0
98	10	,	,	,	,	1	1
98	11	rice	NN	''	JJ	0	0
98	12	and	CC	CC	CC	1	1
98	13	ginger	NN	NNS	JJR	0	0
98	14	.	.	.	.	1	1
99	1	The	DT	DT	DT	1	1
99	2	Nuwara	NNP	NN	NNP	0	0
99	3	Eliya/Uda	NNP	.	NNP	0	0
99	4	Pussellawas	NNPS	''	NNP	0	0
99	5	continued	VBD	VBD	VBD	1	1
99	6	to	TO	TO	TO	1	1
99	7	be	VB	VB	VB	1	1
99	8	sluggish	JJ	JJ	JJ	1	1
99	9	.	.	.	.	1	1
100	1	It	PRP	PRP	PRP	1	1
100	2	has	VBZ	VBZ	VBZ	1	1
100	3	become	VBN	VBN	VB	1	1
100	4	a	DT	DT	DT	1	1
100	5	test	NN	NN	NN	1	1
100	6	of	IN	IN	IN	1	1
100	7	the	DT	DT	DT	1	1
100	8	credibility	NN	NN	NN	1	1
100	9	of	IN	IN	IN	1	1
100	10	Pakistan	NNP	NNP	NNP	0	0
100	11	's	POS	POS	POS	1	1
100	12	medico-legal	JJ	NN	JJ	0	0
100	13	and	CC	CC	CC	1	1
100	14	investigative	JJ	JJ	JJ	0	0
100	15	machinery	NN	NN	NN	1	1
100	16	.	.	.	.	1	1
101	1	When	WRB	WRB	WRB	1	1
101	2	the	DT	DT	DT	1	1
101	3	rains	NNS	MD	NNS	0	0
101	4	come	VBP	VB	VB	1	1
101	5	and	CC	CC	CC	1	1
101	6	mountainsides	NNS	JJ	VBZ	0	0
101	7	collapse	VBP	NN	NN	1	1
101	8	,	,	,	,	1	1
101	9	we	PRP	PRP	PRP	1	1
101	10	then	RB	RB	RB	1	1
101	11	call	VBP	VB	VBP	1	1
101	12	it	PRP	PRP	PRP	1	1
101	13	a	DT	DT	DT	1	1
101	14	natural	JJ	JJ	JJ	1	1
101	15	disaster	NN	NN	NN	1	1
101	16	.	.	.	.	1	1
102	1	Twenty-five	CD	DT	JJ	0	0
102	2	years	NNS	NNS	NNS	1	1
102	3	later	RB	JJ	RBR	1	1
102	4	,	,	,	,	1	1
102	5	I	PRP	PRP	PRP	1	1
102	6	sense	VBP	VBP	VBP	1	1
102	7	similar	JJ	JJ	JJ	1	1
102	8	sentiments	NNS	NNS	NNS	0	0
102	9	and	CC	CC	CC	1	1
102	10	developments	NNS	NNS	NNS	0	0
102	11	with	IN	IN	IN	1	1
102	12	the	DT	DT	DT	1	1
102	13	AI	NNP	JJ	NNP	0	0
102	14	boom	NN	NN	NN	1	1
102	15	.	.	.	.	1	1
103	1	Although	IN	IN	IN	1	1
103	2	this	DT	DT	DT	1	1
103	3	followed	VBD	VBN	VBN	1	1
103	4	with	IN	IN	IN	1	1
103	5	regular	JJ	JJ	JJ	1	1
103	6	forays	NNS	NNS	NNS	0	0
103	7	,	,	,	,	1	1
103	8	the	DT	DT	DT	1	1
103	9	Kandyan	NNP	NNP	NNP	0	0
103	10	Kingdom	NNP	NNP	NNP	1	1
103	11	however	RB	RB	RB	1	1
103	12	,	,	,	,	1	1
103	13	continued	VBD	VBD	VBD	1	1
103	14	to	TO	TO	TO	1	1
103	15	retain	VB	VB	VB	1	1
103	16	its	PRP$	PRP$	PRP$	1	1
103	17	independence	NN	NN	NN	1	1
103	18	.	.	.	.	1	1
104	1	The	DT	DT	DT	1	1
104	2	High	NNP	NNP	NNP	1	1
104	3	and	CC	CC	CC	1	1
104	4	Mid	NNP	$	NNP	0	0
104	5	Grown	NNP	CD	NNP	0	0
104	6	CTC	NNP	.	NNP	0	0
104	7	teas	NNS	-RRB-	VBZ	0	0
104	8	--	:	:	:	1	1
104	9	BP1s	NNS	NNP	JJ	0	0
104	10	,	,	,	,	1	1
104	11	had	VBD	VBD	VBD	1	1
104	12	hardly	RB	RB	RB	1	1
104	13	any	DT	DT	DT	1	1
104	14	offerings	NNS	NNS	NNS	1	1
104	15	.	.	.	.	1	1
105	1	Mir	NNP	PRP	NNP	0	0
105	2	Raza	NNP	MD	NNP	0	0
105	3	Ali	NNP	VB	NNP	0	0
105	4	,	,	,	,	1	1
105	5	a	DT	DT	DT	1	1
105	6	25-year-old	JJ	JJ	JJ	1	1
105	7	businessman	NN	NN	NN	1	1
105	8	,	,	,	,	1	1
105	9	went	VBD	VBD	VBD	1	1
105	10	missing	JJ	VBN	VBG	0	0
105	11	in	IN	IN	IN	1	1
105	12	Karachi	NNP	NNS	NNP	0	0
105	13	on	IN	IN	IN	1	1
105	14	July	NNP	NNP	NNP	1	1
105	15	28	CD	CD	CD	1	1
105	16	,	,	,	,	1	1
105	17	2026	CD	VBD	CD	0	0
105	18	.	.	.	.	1	1
106	1	The	DT	DT	DT	1	1
106	2	recent	JJ	JJ	JJ	1	1
106	3	landslides	NNS	NNS	NNS	0	0
106	4	after	IN	IN	IN	1	1
106	5	heavy	JJ	JJ	JJ	1	1
106	6	rains	NNS	NNS	NNS	0	0
106	7	in	IN	IN	IN	1	1
106	8	many	JJ	JJ	JJ	1	1
106	9	of	IN	IN	IN	1	1
106	10	our	PRP$	PRP$	PRP$	1	1
106	11	upcountry	JJ	JJ	JJ	0	0
106	12	areas	NNS	NNS	NNS	1	1
106	13	are	VBP	VBP	VBP	1	1
106	14	classic	JJ	JJ	JJ	1	1
106	15	examples	NNS	NNS	NNS	1	1
106	16	.	.	.	.	1	1
107	1	But	CC	CC	CC	1	1
107	2	very	RB	RB	RB	1	1
107	3	few	JJ	JJ	JJ	1	1
107	4	people	NNS	NNS	NNS	1	1
107	5	seem	VBP	VBP	VBP	1	1
107	6	to	TO	TO	TO	1	1
107	7	remember	VB	VB	VB	0	0
107	8	the	DT	DT	DT	1	1
107	9	past	NN	NN	NN	1	1
107	10	or	CC	CC	CC	1	1
107	11	learn	VB	VB	VB	1	1
107	12	from	IN	IN	IN	1	1
107	13	it	PRP	PRP	PRP	1	1
107	14	.	.	.	.	1	1
108	1	The	DT	DT	DT	1	1
108	2	last	JJ	JJ	NN	1	1
108	3	to	TO	TO	TO	1	1
108	4	capitulate	VB	PRP	VB	0	0
108	5	was	VBD	VBD	VBD	1	1
108	6	the	DT	DT	DT	1	1
108	7	Jaffna	NNP	JJ	NNP	0	0
108	8	Fort	NNP	NNS	NNP	0	0
108	9	.	.	.	.	1	1
109	1	The	DT	DT	DT	1	1
109	2	corresponding	JJ	NN	NN	0	0
109	3	Low	NNP	.	NNP	0	0
109	4	Grown	NNP	''	NNP	0	0
109	5	varieties	NNS	VBZ	VBZ	0	0
109	6	sold	VBD	VBN	VBN	1	1
109	7	well	RB	RB	RB	1	1
109	8	at	IN	IN	IN	1	1
109	9	firm	JJ	NN	NN	1	1
109	10	to	TO	TO	TO	1	1
109	11	dearer	JJR	VB	NN	0	0
109	12	rates	NNS	NNS	NNS	1	1
109	13	.	.	.	.	1	1
110	1	Questions	NNS	``	NNS	0	0
110	2	over	IN	IN	IN	1	1
110	3	the	DT	DT	DT	1	1
110	4	first	JJ	JJ	JJ	1	1
110	5	post-mortem	JJ	JJ	JJ	0	0
110	6	examination	NN	NN	NN	1	1
110	7	soon	RB	RB	RB	1	1
110	8	intensified	VBD	VBN	VBN	0	0
110	9	.	.	.	.	1	1
111	1	The	DT	DT	DT	1	1
111	2	2004	CD	NN	CD	0	0
111	3	tsunami	NN	VBZ	NN	0	0
111	4	also	RB	RB	RB	1	1
111	5	demonstrated	VBD	VB	VBD	0	0
111	6	the	DT	DT	DT	1	1
111	7	importance	NN	NN	NN	1	1
111	8	of	IN	IN	IN	1	1
111	9	retaining	VBG	VBG	VBG	1	1
111	10	natural	JJ	JJ	JJ	1	1
111	11	coastal	JJ	NN	JJ	0	0
111	12	buffers	NNS	NNS	NNS	0	0
111	13	.	.	.	.	1	1
112	1	Indeed	RB	RB	RB	1	1
112	2	,	,	,	,	1	1
112	3	finance	NN	NN	NN	1	1
112	4	moves	VBZ	NNS	NNS	1	1
112	5	quickly	RB	RB	RB	1	1
112	6	these	DT	DT	DT	1	1
112	7	days	NNS	NNS	NNS	1	1
112	8	,	,	,	,	1	1
112	9	but	CC	CC	CC	1	1
112	10	it	PRP	PRP	PRP	1	1
112	11	also	RB	RB	RB	1	1
112	12	seems	VBZ	VBZ	VBZ	1	1
112	13	to	TO	TO	TO	1	1
112	14	make	VB	VB	VB	1	1
112	15	us	PRP	PRP	PRP	1	1
112	16	forget	VB	VBP	JJ	0	0
112	17	quickly	RB	RB	RB	1	1
112	18	.	.	.	.	1	1
113	1	Their	PRP$	PRP$	PRP$	1	1
113	2	negotiations	NNS	NNS	NNS	1	1
113	3	with	IN	IN	IN	1	1
113	4	Rajasinghe	NNP	DT	NNP	0	0
113	5	focused	VBD	VBN	VBN	1	1
113	6	particularly	RB	RB	RB	1	1
113	7	on	IN	IN	IN	1	1
113	8	obtaining	VBG	VBG	VBG	1	1
113	9	access	NN	NN	NN	1	1
113	10	to	TO	TO	TO	1	1
113	11	Trincomalee	NNP	VB	NNP	0	0
113	12	.	.	.	.	1	1
114	1	The	DT	DT	DT	1	1
114	2	Low	NNP	NN	NNP	0	0
114	3	Growns	NNPS	.	NNP	0	0
114	4	totalled	VBD	-LRB-	VBD	0	0
114	5	approximately	RB	$	RB	1	1
114	6	2.3	CD	CD	CD	1	1
114	7	M/Kgs	NNS	CD	NNS	0	0
114	8	.	.	.	.	1	1
115	1	The	DT	DT	DT	1	1
115	2	family	NN	NN	NN	1	1
115	3	subsequently	RB	.	RB	0	0
115	4	approached	VBD	''	VBD	1	1
115	5	a	DT	DT	DT	1	1
115	6	court	NN	NN	NN	1	1
115	7	seeking	VBG	VBG	VBG	1	1
115	8	exhumation	NN	NNS	NN	0	0
115	9	,	,	,	,	1	1
115	10	a	DT	DT	DT	1	1
115	11	fresh	JJ	JJ	JJ	1	1
115	12	post-mortem	NN	NNS	NN	0	0
115	13	and	CC	CC	CC	1	1
115	14	further	JJ	JJ	JJ	1	1
115	15	forensic	JJ	JJ	JJ	0	0
115	16	examination	NN	NN	NN	1	1
115	17	.	.	.	.	1	1
116	1	Sometimes	RB	``	RB	1	1
116	2	I	PRP	PRP	PRP	1	1
116	3	wonder	VBP	VBD	NN	1	1
116	4	whether	IN	IN	IN	1	1
116	5	it	PRP	PRP	PRP	1	1
116	6	is	VBZ	VBZ	VBZ	1	1
116	7	we	PRP	PRP	PRP	1	1
116	8	who	WP	WP	WP	1	1
116	9	require	VBP	VBP	VBP	1	1
116	10	more	JJR	JJR	JJR	1	1
116	11	management	NN	NN	NN	1	1
116	12	.	.	.	.	1	1
117	1	However	RB	RB	RB	1	1
117	2	,	,	,	,	1	1
117	3	I	PRP	PRP	PRP	1	1
117	4	argue	VBP	VBP	VBP	1	1
117	5	that	IN	IN	IN	1	1
117	6	this	DT	DT	DT	1	1
117	7	time	NN	NN	NN	1	1
117	8	it	PRP	PRP	PRP	1	1
117	9	is	VBZ	VBZ	VBZ	1	1
117	10	different	JJ	JJ	JJ	1	1
117	11	because	IN	IN	IN	1	1
117	12	neoliberalism	NN	``	NN	0	0
117	13	itself	PRP	PRP	PRP	1	1
117	14	is	VBZ	VBZ	VBZ	1	1
117	15	in	IN	IN	IN	1	1
117	16	crisis	NN	NN	NN	1	1
117	17	.	.	.	.	1	1
118	1	And	CC	CC	CC	1	1
118	2	Rajasinghe	NNP	NNS	NNP	0	0
118	3	in	IN	IN	IN	1	1
118	4	his	PRP$	PRP$	PRP$	1	1
118	5	last	JJ	JJ	JJ	1	1
118	6	years	NNS	NNS	NNS	1	1
118	7	of	IN	IN	IN	1	1
118	8	reign	NN	NNP	NN	0	0
118	9	,	,	,	,	1	1
118	10	sought	VBD	VBD	VBD	1	1
118	11	a	DT	DT	DT	1	1
118	12	more	RBR	RBR	RBR	1	1
118	13	reconciliatory	JJ	JJ	JJ	0	0
118	14	relationship	NN	NN	NN	1	1
118	15	with	IN	IN	IN	1	1
118	16	them	PRP	PRP	PRP	1	1
118	17	.	.	.	.	1	1
119	1	All	DT	DT	DT	1	1
119	2	categories	NNS	NNS	NNS	1	1
119	3	met	VBD	VBN	VBD	1	1
119	4	with	IN	IN	IN	1	1
119	5	fair	JJ	JJ	JJ	1	1
119	6	demand	NN	NN	NN	1	1
119	7	.	.	.	.	1	1
120	1	A	DT	DT	DT	1	1
120	2	Karachi	NNP	JJ	NNP	0	0
120	3	court	NN	NN	NN	1	1
120	4	authorised	VBD	IN	VBN	0	0
120	5	the	DT	DT	DT	1	1
120	6	exhumation	NN	NN	NN	0	0
120	7	and	CC	CC	CC	1	1
120	8	ordered	VBD	VBD	VBN	1	1
120	9	the	DT	DT	DT	1	1
120	10	constitution	NN	NN	NN	0	0
120	11	of	IN	IN	IN	1	1
120	12	a	DT	DT	DT	1	1
120	13	medico-legal	JJ	JJ	JJ	0	0
120	14	board	NN	NN	NN	1	1
120	15	.	.	.	.	1	1
121	1	So	RB	RB	RB	1	1
121	2	perhaps	RB	RB	RB	1	1
121	3	we	PRP	PRP	PRP	1	1
121	4	have	VBP	VBP	VBP	1	1
121	5	the	DT	DT	DT	1	1
121	6	problem	NN	NN	NN	1	1
121	7	the	DT	DT	DT	1	1
121	8	wrong	JJ	JJ	JJ	1	1
121	9	way	NN	NN	NN	1	1
121	10	round	RB	NN	NN	1	1
121	11	.	.	.	.	1	1
122	1	Amidst	IN	``	NNP	0	0
122	2	this	DT	DT	DT	1	1
122	3	tumultuous	JJ	JJ	JJ	1	1
122	4	world	NN	NN	NN	1	1
122	5	,	,	,	,	1	1
122	6	Sri	NNP	''	NNP	0	0
122	7	Lanka	NNP	PRP	NNP	0	0
122	8	needs	VBZ	VBZ	VBZ	1	1
122	9	to	TO	TO	TO	1	1
122	10	rapidly	RB	RB	RB	1	1
122	11	change	VB	VB	VB	1	1
122	12	its	PRP$	PRP$	PRP$	1	1
122	13	economic	JJ	JJ	JJ	1	1
122	14	policies	NNS	NNS	NNS	1	1
122	15	.	.	.	.	1	1
123	1	Knox	NNP	NNP	NNP	0	0
123	2	's	POS	POS	POS	1	1
123	3	years	NNS	NNS	NNS	1	1
123	4	in	IN	IN	IN	1	1
123	5	captivity	NN	``	NN	0	0
123	6	evidently	RB	PRP	RB	0	0
123	7	had	VBD	VBD	VBD	1	1
123	8	not	RB	RB	RB	1	1
123	9	diminished	VBN	VBN	VBN	1	1
123	10	his	PRP$	PRP$	PRP$	1	1
123	11	appetite	NN	NN	NN	1	1
123	12	for	IN	IN	IN	1	1
123	13	travel	NN	NN	NN	1	1
123	14	.	.	.	.	1	1
124	1	The	DT	DT	DT	1	1
124	2	OPs	NNS	NN	NNP	0	0
124	3	,	,	,	,	1	1
124	4	in	IN	IN	IN	1	1
124	5	general	JJ	JJ	JJ	1	1
124	6	,	,	,	,	1	1
124	7	were	VBD	VBD	VBD	1	1
124	8	firm	JJ	NN	NN	1	1
124	9	.	.	.	.	1	1
125	1	The	DT	DT	DT	1	1
125	2	second	JJ	JJ	JJ	1	1
125	3	examination	NN	NN	NN	1	1
125	4	produced	VBD	VBD	VBD	1	1
125	5	a	DT	DT	DT	1	1
125	6	markedly	RB	JJ	RB	0	0
125	7	different	JJ	JJ	JJ	1	1
125	8	picture	NN	NN	NN	1	1
125	9	.	.	.	.	1	1
126	1	Yet	CC	CC	CC	1	1
126	2	they	PRP	PRP	PRP	1	1
126	3	can	MD	MD	MD	1	1
126	4	lose	VB	VB	VB	1	1
126	5	their	PRP$	PRP$	PRP$	1	1
126	6	homes	NNS	NNS	NNS	1	1
126	7	and	CC	CC	CC	1	1
126	8	livelihoods	NNS	NNS	NNS	0	0
126	9	in	IN	IN	IN	1	1
126	10	a	DT	DT	DT	1	1
126	11	few	JJ	JJ	JJ	1	1
126	12	hours	NNS	NNS	NNS	1	1
126	13	.	.	.	.	1	1
127	1	Following	VBG	IN	VBG	0	0
127	2	his	PRP$	PRP$	PRP$	1	1
127	3	escape	NN	NN	NN	1	1
127	4	,	,	,	,	1	1
127	5	he	PRP	PRP	PRP	1	1
127	6	had	VBD	VBD	VBD	1	1
127	7	undertaken	VBN	VBN	VB	0	0
127	8	at	IN	IN	IN	1	1
127	9	least	JJS	JJS	JJS	1	1
127	10	five	CD	CD	CD	1	1
127	11	more	JJR	JJR	JJR	1	1
127	12	voyages	NNS	NNS	NNS	0	0
127	13	to	TO	TO	TO	1	1
127	14	the	DT	DT	DT	1	1
127	15	East	NNP	NNP	NNP	1	1
127	16	.	.	.	.	1	1
128	1	The	DT	DT	DT	1	1
128	2	well-made	JJ	JJ	JJ	0	0
128	3	OPAs	NNS	NNS	NNS	0	0
128	4	were	VBD	VBD	VBD	1	1
128	5	easier	JJR	JJR	JJR	1	1
128	6	,	,	,	,	1	1
128	7	whilst	IN	VBG	VB	0	0
128	8	the	DT	DT	DT	1	1
128	9	balance	NN	NN	NN	1	1
128	10	sold	VBD	VBN	VBN	1	1
128	11	around	IN	IN	IN	1	1
128	12	last	JJ	JJ	JJ	1	1
128	13	levels	NNS	NNS	NNS	1	1
128	14	.	.	.	.	1	1
129	1	Investigators	NNS	RB	VBZ	0	0
129	2	collected	VBD	VBN	VBN	1	1
129	3	samples	NNS	NNS	NNS	1	1
129	4	for	IN	IN	IN	1	1
129	5	chemical	JJ	NN	NN	1	1
129	6	analysis	NN	NN	NN	1	1
129	7	,	,	,	,	1	1
129	8	gunshot-residue	NN	DT	JJ	0	0
129	9	examination	NN	NN	NN	1	1
129	10	and	CC	CC	CC	1	1
129	11	identification	NN	NNS	NN	0	0
129	12	.	.	.	.	1	1
130	1	What	WP	WP	WP	1	1
130	2	we	PRP	PRP	PRP	1	1
130	3	are	VBP	VBP	VBP	1	1
130	4	experiencing	VBG	PRP	VBG	1	1
130	5	is	VBZ	VBZ	VBZ	1	1
130	6	something	NN	NN	NN	1	1
130	7	less	RBR	JJR	RBR	1	1
130	8	dramatic	JJ	JJ	JJ	1	1
130	9	,	,	,	,	1	1
130	10	but	CC	CC	CC	1	1
130	11	perhaps	RB	RB	RB	1	1
130	12	more	RBR	JJR	RBR	1	1
130	13	concerning	JJ	NNS	JJ	0	0
130	14	.	.	.	.	1	1
131	1	The	DT	DT	DT	1	1
131	2	Select	NNP	JJ	NNP	0	0
131	3	Best	NNP	NNS	NNP	0	0
131	4	and	CC	CC	CC	1	1
131	5	Best	NNP	VBD	NNP	0	0
131	6	PEKs	NNS	PRP	NNP	0	0
131	7	were	VBD	VBD	VBD	1	1
131	8	selectively	RB	$	RB	0	0
131	9	dearer	JJR	CD	JJR	0	0
131	10	,	,	,	,	1	1
131	11	whilst	IN	VBG	WRB	0	0
131	12	the	DT	DT	DT	1	1
131	13	balance	NN	NN	NN	1	1
131	14	was	VBD	VBD	VBD	1	1
131	15	firm	JJ	NN	NN	1	1
131	16	.	.	.	.	1	1
132	1	The	DT	DT	DT	1	1
132	2	later	JJ	JJ	JJ	1	1
132	3	forensic	JJ	JJ	JJ	0	0
132	4	work	NN	NN	NN	1	1
132	5	included	VBD	VBD	VBD	1	1
132	6	DNA	NNP	DT	NNP	1	1
132	7	analysis	NN	NN	NN	1	1
132	8	and	CC	CC	CC	1	1
132	9	laboratory	NN	JJ	NN	0	0
132	10	examination	NN	NN	NN	1	1
132	11	of	IN	IN	IN	1	1
132	12	material	JJ	NN	NN	1	1
132	13	evidence	NN	NN	NN	1	1
132	14	.	.	.	.	1	1
133	1	So	RB	RB	RB	1	1
133	2	perhaps	RB	RB	RB	1	1
133	3	nature	NN	NN	NN	1	1
133	4	is	VBZ	VBZ	VBZ	1	1
133	5	not	RB	RB	RB	1	1
133	6	striking	VBG	JJ	JJ	1	1
133	7	back	RB	NN	RB	1	1
133	8	at	IN	IN	IN	1	1
133	9	us	PRP	PRP	PRP	1	1
133	10	after	IN	IN	IN	1	1
133	11	all	DT	DT	DT	1	1
133	12	.	.	.	.	1	1
134	1	The	DT	DT	DT	1	1
134	2	high-priced	JJ	JJ	JJ	1	1
134	3	PEK1s	NNS	NNS	NN	0	0
134	4	were	VBD	VBD	VBD	1	1
134	5	lower	JJR	JJR	JJR	1	1
134	6	,	,	,	,	1	1
134	7	whilst	IN	VBG	VB	0	0
134	8	the	DT	DT	DT	1	1
134	9	balance	NN	NN	NN	1	1
134	10	sold	VBD	VBN	VBN	1	1
134	11	around	IN	IN	IN	1	1
134	12	last	JJ	JJ	JJ	1	1
134	13	levels	NNS	NNS	NNS	1	1
134	14	.	.	.	.	1	1
135	1	The	DT	DT	DT	1	1
135	2	report	NN	NN	NN	1	1
135	3	also	RB	RB	RB	1	1
135	4	incorporated	VBD	VBN	VBN	1	1
135	5	chemical	JJ	NN	NN	1	1
135	6	and	CC	CC	CC	1	1
135	7	forensic	JJ	JJ	JJ	0	0
135	8	findings	NNS	NNS	NNS	1	1
135	9	.	.	.	.	1	1
136	1	The	DT	DT	DT	1	1
136	2	high-priced	JJ	JJ	JJ	1	1
136	3	FF1s	NNS	NNS	NN	0	0
136	4	were	VBD	VBD	VBD	1	1
136	5	easier	JJR	JJR	JJR	1	1
136	6	,	,	,	,	1	1
136	7	whilst	IN	VBG	VB	0	0
136	8	the	DT	DT	DT	1	1
136	9	balance	NN	NN	NN	1	1
136	10	sold	VBD	VBN	VBN	1	1
136	11	around	IN	IN	IN	1	1
136	12	last	JJ	JJ	JJ	1	1
136	13	levels	NNS	NNS	NNS	1	1
136	14	.	.	.	.	1	1
137	1	The	DT	DT	DT	1	1
137	2	significance	NN	NN	NN	0	0
137	3	of	IN	IN	IN	1	1
137	4	the	DT	DT	DT	1	1
137	5	case	NN	NN	NN	1	1
137	6	lies	VBZ	VBZ	VBZ	0	0
137	7	not	RB	RB	RB	1	1
137	8	merely	RB	RB	RB	1	1
137	9	in	IN	IN	IN	1	1
137	10	what	WP	WP	WP	1	1
137	11	happened	VBD	VBD	VBD	1	1
137	12	to	TO	TO	TO	1	1
137	13	one	CD	CD	CD	1	1
137	14	young	JJ	JJ	JJ	1	1
137	15	man	NN	NN	NN	1	1
137	16	.	.	.	.	1	1
138	1	The	DT	DT	DT	1	1
138	2	teas	NNS	NN	NNS	0	0
138	3	at	IN	IN	IN	1	1
138	4	the	DT	DT	DT	1	1
138	5	bottom	NN	NN	NN	1	1
138	6	were	VBD	VBD	VBD	1	1
138	7	irregular	JJ	RB	VB	0	0
138	8	,	,	,	,	1	1
138	9	following	VBG	VBG	VBG	1	1
138	10	quality	NN	NN	NN	1	1
138	11	.	.	.	.	1	1
139	1	A	DT	DT	DT	1	1
139	2	post-mortem	JJ	JJ	JJ	0	0
139	3	report	NN	NN	NN	1	1
139	4	is	VBZ	VBZ	VBZ	1	1
139	5	often	RB	RB	RB	1	1
139	6	treated	VBN	VBN	VBN	1	1
139	7	as	IN	IN	RB	1	1
139	8	one	CD	CD	CD	1	1
139	9	document	NN	NN	NN	1	1
139	10	among	IN	IN	IN	1	1
139	11	many	JJ	JJ	JJ	1	1
139	12	in	IN	IN	IN	1	1
139	13	a	DT	DT	DT	1	1
139	14	criminal	JJ	JJ	JJ	1	1
139	15	case	NN	NN	NN	1	1
139	16	.	.	.	.	1	1
140	1	In	IN	IN	IN	1	1
140	2	reality	NN	NN	NN	1	1
140	3	,	,	,	,	1	1
140	4	it	PRP	PRP	PRP	1	1
140	5	can	MD	MD	MD	1	1
140	6	determine	VB	VB	VB	1	1
140	7	the	DT	DT	DT	1	1
140	8	trajectory	NN	NN	NN	0	0
140	9	of	IN	IN	IN	1	1
140	10	an	DT	DT	DT	1	1
140	11	investigation	NN	NN	NN	1	1
140	12	.	.	.	.	1	1
141	1	Once	IN	IN	IN	1	1
141	2	an	DT	DT	DT	1	1
141	3	initial	JJ	JJ	JJ	1	1
141	4	conclusion	NN	NN	NN	0	0
141	5	enters	VBZ	VBZ	VBZ	1	1
141	6	the	DT	DT	DT	1	1
141	7	case	NN	NN	NN	1	1
141	8	record	NN	NN	NN	1	1
141	9	,	,	,	,	1	1
141	10	subsequent	JJ	''	JJ	1	1
141	11	investigators	NNS	PRP	NNS	0	0
141	12	can	MD	MD	MD	1	1
141	13	become	VB	VB	VB	1	1
141	14	anchored	VBN	VBN	VBN	0	0
141	15	to	TO	TO	TO	1	1
141	16	it	PRP	PRP	PRP	1	1
141	17	.	.	.	.	1	1
142	1	Questions	NNS	PRP	NNS	0	0
142	2	were	VBD	VBD	VBD	1	1
142	3	also	RB	RB	RB	1	1
142	4	raised	VBN	VBN	VBN	1	1
142	5	about	IN	IN	RB	1	1
142	6	whether	IN	IN	IN	1	1
142	7	gunshot-residue	NN	DT	JJ	0	0
142	8	testing	NN	NN	NN	1	1
142	9	had	VBD	VBD	VBD	1	1
142	10	been	VBN	VBN	VBN	1	1
142	11	conducted	VBN	VBN	VBN	1	1
142	12	.	.	.	.	1	1
143	1	The	DT	DT	DT	1	1
143	2	subsequent	JJ	JJ	JJ	1	1
143	3	examination	NN	NN	NN	1	1
143	4	found	VBD	VBD	VBD	1	1
143	5	injuries	NNS	NNS	NNS	1	1
143	6	and	CC	CC	CC	1	1
143	7	evidence	NN	NN	NN	1	1
143	8	that	WDT	IN	IN	1	1
143	9	complicated	VBD	IN	IN	1	1
143	10	the	DT	DT	DT	1	1
143	11	original	JJ	JJ	JJ	1	1
143	12	interpretation	NN	NN	NN	1	1
143	13	.	.	.	.	1	1
144	1	The	DT	DT	DT	1	1
144	2	episode	NN	NN	NN	0	0
144	3	illustrates	VBZ	VBZ	VBZ	1	1
144	4	why	WRB	WRB	WRB	1	1
144	5	medico-legal	JJ	DT	JJ	0	0
144	6	medicine	NN	NN	NN	1	1
144	7	can	MD	MD	MD	1	1
144	8	not	RB	RB	RB	1	1
144	9	operate	VB	VB	VB	1	1
144	10	as	IN	IN	IN	1	1
144	11	a	DT	DT	DT	1	1
144	12	routine	JJ	JJ	JJ	1	1
144	13	administrative	JJ	JJ	JJ	1	1
144	14	exercise	NN	NN	NN	1	1
144	15	.	.	.	.	1	1
145	1	Every	DT	``	DT	1	1
145	2	observation	NN	PRP	NN	0	0
145	3	can	MD	MD	MD	1	1
145	4	eventually	RB	RB	RB	1	1
145	5	become	VB	VB	VB	1	1
145	6	evidence	NN	NN	NN	1	1
145	7	before	IN	IN	IN	1	1
145	8	a	DT	DT	DT	1	1
145	9	court	NN	NN	NN	1	1
145	10	.	.	.	.	1	1
146	1	Such	JJ	JJ	JJ	1	1
146	2	failures	NNS	NNS	NNS	1	1
146	3	do	VBP	VBP	VBP	1	1
146	4	not	RB	RB	RB	1	1
146	5	necessarily	RB	RB	RB	1	1
146	6	mean	VB	VB	VB	1	1
146	7	that	IN	IN	IN	1	1
146	8	the	DT	DT	DT	1	1
146	9	underlying	VBG	JJ	JJ	1	1
146	10	evidence	NN	NN	NN	1	1
146	11	is	VBZ	VBZ	VBZ	1	1
146	12	false	JJ	VBN	JJ	0	0
146	13	.	.	.	.	1	1
147	1	Any	DT	DT	DT	1	1
147	2	unexplained	JJ	``	JJ	0	0
147	3	gap	NN	PRP	NN	0	0
147	4	can	MD	MD	MD	1	1
147	5	provide	VB	VB	VB	1	1
147	6	the	DT	DT	DT	1	1
147	7	defence	NN	NN	NN	0	0
147	8	with	IN	IN	IN	1	1
147	9	grounds	NNS	VBG	NNS	0	0
147	10	to	TO	TO	TO	1	1
147	11	challenge	VB	VB	VB	1	1
147	12	its	PRP$	PRP$	PRP$	1	1
147	13	reliability	NN	NNS	NN	0	0
147	14	.	.	.	.	1	1
148	1	The	DT	DT	DT	1	1
148	2	problem	NN	NN	NN	1	1
148	3	begins	VBZ	VBZ	VBZ	1	1
148	4	well	RB	RB	RB	1	1
148	5	before	IN	IN	IN	1	1
148	6	laboratory	NN	DT	JJ	0	0
148	7	analysis	NN	NN	NN	1	1
148	8	.	.	.	.	1	1
149	1	Crime	NN	PRP	NN	1	1
149	2	scenes	NNS	MD	NNS	1	1
149	3	require	VBP	VB	VBP	1	1
149	4	careful	JJ	JJ	JJ	1	1
149	5	preservation	NN	NNS	NN	0	0
149	6	,	,	,	,	1	1
149	7	documentation	NN	NNP	NN	0	0
149	8	,	,	,	,	1	1
149	9	photography	NN	NNP	NN	0	0
149	10	,	,	,	,	1	1
149	11	mapping	NN	NNP	NN	0	0
149	12	,	,	,	,	1	1
149	13	evidence	NN	NN	NN	1	1
149	14	collection	NN	NN	NN	1	1
149	15	and	CC	CC	CC	1	1
149	16	reconstruction	NN	NNS	NN	0	0
149	17	.	.	.	.	1	1
150	1	Pakistan	NNP	PRP	NNP	0	0
150	2	has	VBZ	VBZ	VBZ	1	1
150	3	long	RB	RB	RB	1	1
150	4	faced	VBN	VBN	VBN	1	1
150	5	criticism	NN	NN	NN	1	1
150	6	over	IN	IN	IN	1	1
150	7	the	DT	DT	DT	1	1
150	8	limited	JJ	JJ	JJ	1	1
150	9	forensic	JJ	JJ	JJ	0	0
150	10	capacity	NN	NN	NN	1	1
150	11	available	JJ	JJ	JJ	1	1
150	12	outside	IN	JJ	JJ	1	1
150	13	major	JJ	JJ	JJ	1	1
150	14	centres	NNS	NNS	NNS	0	0
150	15	.	.	.	.	1	1
