sent_id	token_id	word	tag
1	1	The	DT
1	2	Brent	NNP
1	3	benchmark	NN
1	4	hit	VBD
1	5	its	PRP$
1	6	lowest	JJS
1	7	since	IN
1	8	September	NNP
1	9	8	CD
1	10	in	IN
1	11	the	DT
1	12	previous	JJ
1	13	session	NN
1	14	at	IN
1	15	$	$
1	16	97.36	CD
1	17	.	.
2	1	Iran	NNP
2	2	repeated	VBD
2	3	its	PRP$
2	4	demand	NN
2	5	for	IN
2	6	the	DT
2	7	US	NNP
2	8	to	TO
2	9	end	VB
2	10	its	PRP$
2	11	``	``
2	12	acts	NNS
2	13	of	IN
2	14	aggression	NN
2	15	''	''
2	16	.	.
3	1	Other	JJ
3	2	notable	JJ
3	3	blocks	NNS
3	4	were	VBD
3	5	recorded	VBN
3	6	in	IN
3	7	SIRA.N	NNP
3	8	,	,
3	9	DIPD.N	NNP
3	10	,	,
3	11	TJL.N	NNP
3	12	and	CC
3	13	Softlogic	NNP
3	14	Life	NNP
3	15	.	.
4	1	The	DT
4	2	buying	NN
4	3	interest	NN
4	4	continued	VBD
4	5	to	TO
4	6	dominate	VB
4	7	the	DT
4	8	market	NN
4	9	sentiment	NN
4	10	.	.
5	1	Committee	NN
5	2	members	NNS
5	3	also	RB
5	4	expressed	VBD
5	5	their	PRP$
5	6	views	NNS
5	7	on	IN
5	8	the	DT
5	9	proposed	VBN
5	10	legislation	NN
5	11	.	.
6	1	Under	IN
6	2	the	DT
6	3	earlier	JJR
6	4	methodology	NN
6	5	,	,
6	6	youth	NN
6	7	unemployment	NN
6	8	had	VBD
6	9	reached	VBN
6	10	21.3	CD
6	11	per	IN
6	12	cent	NN
6	13	in	IN
6	14	June	NNP
6	15	2023	CD
6	16	.	.
7	1	New	NNP
7	2	Zealand	NNP
7	3	's	POS
7	4	parliament	NN
7	5	last	JJ
7	6	week	NN
7	7	passed	VBD
7	8	legislation	NN
7	9	needed	VBN
7	10	to	TO
7	11	implement	VB
7	12	the	DT
7	13	agreement	NN
7	14	.	.
8	1	The	DT
8	2	DHS	NNP
8	3	did	VBD
8	4	not	RB
8	5	immediately	RB
8	6	comment	VB
8	7	.	.
9	1	Evoke	NNP
9	2	Labs	NNP
9	3	served	VBD
9	4	as	IN
9	5	IT	NNP
9	6	Partner	NNP
9	7	,	,
9	8	while	IN
9	9	Liyasi	NNP
9	10	TV	NNP
9	11	was	VBD
9	12	the	DT
9	13	Television	NNP
9	14	Partner	NNP
9	15	.	.
10	1	Vidullanka	NNP
10	2	cautioned	VBD
10	3	that	IN
10	4	emerging	VBG
10	5	as	IN
10	6	the	DT
10	7	lowest-cost	JJ
10	8	bidder	NN
10	9	did	VBD
10	10	not	RB
10	11	constitute	VB
10	12	a	DT
10	13	formal	JJ
10	14	contract	NN
10	15	award	NN
10	16	.	.
11	1	The	DT
11	2	bench	NN
11	3	comprised	VBD
11	4	Judges	NNS
11	5	Navaratne	NNP
11	6	Marasinghe	NNP
11	7	,	,
11	8	Ramanathan	NNP
11	9	Kannan	NNP
11	10	and	CC
11	11	Sujeewa	NNP
11	12	Nissanka	NNP
11	13	.	.
12	1	Floods	NNS
12	2	,	,
12	3	cyclones	NNS
12	4	,	,
12	5	landslides	NNS
12	6	,	,
12	7	droughts	NNS
12	8	,	,
12	9	wildfires	NNS
12	10	and	CC
12	11	extreme	JJ
12	12	heat	NN
12	13	seem	VBP
12	14	to	TO
12	15	be	VB
12	16	occurring	VBG
12	17	with	IN
12	18	regularity	NN
12	19	.	.
13	1	The	DT
13	2	Sri	NNP
13	3	Lankan	JJ
13	4	economy	NN
13	5	is	VBZ
13	6	not	RB
13	7	an	DT
13	8	island	NN
13	9	.	.
14	1	Literally	RB
14	2	,	,
14	3	it	PRP
14	4	was	VBD
14	5	one	CD
14	6	of	IN
14	7	the	DT
14	8	earliest	JJS
14	9	works	NNS
14	10	written	VBN
14	11	based	VBN
14	12	on	IN
14	13	firsthand	JJ
14	14	experience	NN
14	15	.	.
15	1	His	PRP$
15	2	position	NN
15	3	was	VBD
15	4	not	RB
15	5	an	DT
15	6	isolated	JJ
15	7	or	CC
15	8	inexplicable	JJ
15	9	claim	NN
15	10	.	.
16	1	However	RB
16	2	,	,
16	3	limiting	VBG
16	4	the	DT
16	5	ban	NN
16	6	to	TO
16	7	government	NN
16	8	institutions	NNS
16	9	alone	RB
16	10	will	MD
16	11	have	VB
16	12	only	RB
16	13	a	DT
16	14	modest	JJ
16	15	impact	NN
16	16	.	.
17	1	Today	NN
17	2	it	PRP
17	3	's	VBZ
17	4	common	JJ
17	5	and	CC
17	6	expensive	JJ
17	7	when	WRB
17	8	it	PRP
17	9	happens	VBZ
17	10	.	.
18	1	The	DT
18	2	platform	NN
18	3	also	RB
18	4	introduces	VBZ
18	5	greater	JJR
18	6	digital	JJ
18	7	convenience	NN
18	8	for	IN
18	9	specific	JJ
18	10	customer	NN
18	11	needs	NNS
18	12	.	.
19	1	The	DT
19	2	latest	JJS
19	3	acceleration	NN
19	4	was	VBD
19	5	particularly	RB
19	6	pronounced	JJ
19	7	in	IN
19	8	food	NN
19	9	.	.
20	1	Notably	RB
20	2	,	,
20	3	the	DT
20	4	Bank	NNP
20	5	's	POS
20	6	`	``
20	7	Trees	NNPS
20	8	for	IN
20	9	Tomorrow	NNP
20	10	'	''
20	11	reforestation	NN
20	12	project	NN
20	13	planted	VBD
20	14	over	IN
20	15	12,500	CD
20	16	trees	NNS
20	17	in	IN
20	18	2025	CD
20	19	.	.
21	1	The	DT
21	2	auction	NN
21	3	offerings	NNS
21	4	totalled	VBD
21	5	5.2	CD
21	6	million	CD
21	7	kilogrammes	NNS
21	8	-LRB-	-LRB-
21	9	M/Kgs	NNS
21	10	-RRB-	-RRB-
21	11	.	.
22	1	Visa	NNP
22	2	supported	VBD
22	3	the	DT
22	4	forum	NN
22	5	as	IN
22	6	Platinum	NNP
22	7	Partner	NNP
22	8	.	.
23	1	The	DT
23	2	mission	NN
23	3	,	,
23	4	which	WDT
23	5	began	VBD
23	6	on	IN
23	7	September	NNP
23	8	10	CD
23	9	,	,
23	10	is	VBZ
23	11	scheduled	VBN
23	12	to	TO
23	13	conclude	VB
23	14	on	IN
23	15	September	NNP
23	16	23	CD
23	17	.	.
24	1	Market	NN
24	2	turnover	NN
24	3	stood	VBD
24	4	at	IN
24	5	LKR	$
24	6	1.33	CD
24	7	billion	CD
24	8	,	,
24	9	with	IN
24	10	55.41	CD
24	11	million	CD
24	12	shares	NNS
24	13	traded	VBN
24	14	.	.
25	1	Brent	NNP
25	2	prices	NNS
25	3	are	VBP
25	4	on	IN
25	5	track	NN
25	6	for	IN
25	7	their	PRP$
25	8	first	JJ
25	9	weekly	JJ
25	10	loss	NN
25	11	in	IN
25	12	three	CD
25	13	,	,
25	14	down	RB
25	15	2	CD
25	16	%	NN
25	17	.	.
26	1	Rather	RB
26	2	than	IN
26	3	holding	VBG
26	4	U.S.	NNP
26	5	Treasuries	NNPS
26	6	,	,
26	7	China	NNP
26	8	is	VBZ
26	9	turning	VBG
26	10	its	PRP$
26	11	attention	NN
26	12	toward	IN
26	13	gold	NN
26	14	and	CC
26	15	emerging	VBG
26	16	industries	NNS
26	17	.	.
27	1	There	EX
27	2	was	VBD
27	3	no	DT
27	4	immediate	JJ
27	5	comment	NN
27	6	from	IN
27	7	Pakistan	NNP
27	8	's	POS
27	9	government	NN
27	10	.	.
28	1	The	DT
28	2	use	NN
28	3	of	IN
28	4	such	JJ
28	5	accounts	NNS
28	6	would	MD
28	7	be	VB
28	8	capped	VBN
28	9	at	IN
28	10	one	CD
28	11	hour	NN
28	12	per	IN
28	13	day	NN
28	14	.	.
29	1	A	DT
29	2	criminal	JJ
29	3	investigation	NN
29	4	can	MD
29	5	survive	VB
29	6	an	DT
29	7	unanswered	JJ
29	8	question	NN
29	9	for	IN
29	10	a	DT
29	11	time	NN
29	12	.	.
30	1	WTI	NNP
30	2	touched	VBD
30	3	its	PRP$
30	4	lowest	JJS
30	5	since	IN
30	6	September	NNP
30	7	1	CD
30	8	earlier	RBR
30	9	on	IN
30	10	Wednesday	NNP
30	11	.	.
31	1	The	DT
31	2	US	NNP
31	3	and	CC
31	4	Israel	NNP
31	5	launched	VBD
31	6	air	NN
31	7	strikes	NNS
31	8	on	IN
31	9	Iran	NNP
31	10	on	IN
31	11	28	CD
31	12	February	NNP
31	13	.	.
32	1	Foreign	JJ
32	2	investors	NNS
32	3	,	,
32	4	however	RB
32	5	,	,
32	6	remained	VBD
32	7	net	JJ
32	8	sellers	NNS
32	9	with	IN
32	10	an	DT
32	11	outflow	NN
32	12	of	IN
32	13	approximately	RB
32	14	LKR	$
32	15	62.10	CD
32	16	million	CD
32	17	.	.
33	1	Nevertheless	RB
33	2	,	,
33	3	the	DT
33	4	yields	NNS
33	5	in	IN
33	6	this	DT
33	7	segment	NN
33	8	remained	VBD
33	9	largely	RB
33	10	stable	JJ
33	11	.	.
34	1	The	DT
34	2	Bills	NNS
34	3	also	RB
34	4	propose	VBP
34	5	measures	NNS
34	6	to	TO
34	7	increase	VB
34	8	judicial	JJ
34	9	capacity	NN
34	10	at	IN
34	11	the	DT
34	12	Provincial	NNP
34	13	High	NNP
34	14	Court	NNP
34	15	level	NN
34	16	.	.
35	1	The	DT
35	2	revised	VBN
35	3	calculation	NN
35	4	excludes	VBZ
35	5	students	NNS
35	6	,	,
35	7	making	VBG
35	8	direct	JJ
35	9	comparisons	NNS
35	10	with	IN
35	11	earlier	JJR
35	12	figures	NNS
35	13	difficult	JJ
35	14	.	.
36	1	Wellington	NNP
36	2	has	VBZ
36	3	also	RB
36	4	agreed	VBN
36	5	to	TO
36	6	invest	VB
36	7	$	$
36	8	20	CD
36	9	billion	CD
36	10	in	IN
36	11	India	NNP
36	12	over	IN
36	13	the	DT
36	14	next	JJ
36	15	15	CD
36	16	years	NNS
36	17	.	.
37	1	The	DT
37	2	Trump	NNP
37	3	administration	NN
37	4	is	VBZ
37	5	expected	VBN
37	6	to	TO
37	7	appeal	VB
37	8	the	DT
37	9	ruling	NN
37	10	.	.
38	1	Vidullanka	NNP
38	2	currently	RB
38	3	has	VBZ
38	4	interests	NNS
38	5	in	IN
38	6	hydropower	NN
38	7	,	,
38	8	solar	JJ
38	9	and	CC
38	10	biomass-based	JJ
38	11	electricity	NN
38	12	generation	NN
38	13	.	.
39	1	Initially	RB
39	2	,	,
39	3	25	CD
39	4	people	NNS
39	5	were	VBD
39	6	charged	VBN
39	7	over	IN
39	8	their	PRP$
39	9	role	NN
39	10	in	IN
39	11	the	DT
39	12	bombings	NNS
39	13	.	.
40	1	The	DT
40	2	central	JJ
40	3	message	NN
40	4	is	VBZ
40	5	brutally	RB
40	6	simple	JJ
40	7	:	:
40	8	nature	NN
40	9	does	VBZ
40	10	not	RB
40	11	need	VB
40	12	us	PRP
40	13	,	,
40	14	but	CC
40	15	we	PRP
40	16	need	VBP
40	17	nature	NN
40	18	.	.
41	1	And	CC
41	2	now	RB
41	3	we	PRP
41	4	are	VBP
41	5	staring	VBG
41	6	at	IN
41	7	economic	JJ
41	8	and	CC
41	9	political	JJ
41	10	developments	NNS
41	11	that	WDT
41	12	signal	VBP
41	13	a	DT
41	14	dangerous	JJ
41	15	world	NN
41	16	.	.
42	1	The	DT
42	2	failure	NN
42	3	of	IN
42	4	his	PRP$
42	5	political	JJ
42	6	gamble	NN
42	7	resulted	VBD
42	8	in	IN
42	9	a	DT
42	10	major	JJ
42	11	transition	NN
42	12	in	IN
42	13	Lankan	JJ
42	14	political	JJ
42	15	history	NN
42	16	.	.
43	1	Legitimate	JJ
43	2	criticism	NN
43	3	or	CC
43	4	disagreement	NN
43	5	should	MD
43	6	not	RB
43	7	automatically	RB
43	8	become	VB
43	9	a	DT
43	10	criminal	JJ
43	11	matter	NN
43	12	.	.
44	1	Such	JJ
44	2	action	NN
44	3	would	MD
44	4	also	RB
44	5	enhance	VB
44	6	Sri	NNP
44	7	Lanka	NNP
44	8	's	POS
44	9	image	NN
44	10	as	IN
44	11	an	DT
44	12	environmentally	RB
44	13	responsible	JJ
44	14	nation	NN
44	15	.	.
45	1	HR	NNP
45	2	Optimizer	NNP
45	3	was	VBD
45	4	built	VBN
45	5	to	TO
45	6	be	VB
45	7	global-ready	JJ
45	8	from	IN
45	9	day	NN
45	10	one	CD
45	11	.	.
46	1	Pan	NNP
46	2	Asia	NNP
46	3	EZY	NNP
46	4	has	VBZ
46	5	been	VBN
46	6	developed	VBN
46	7	with	IN
46	8	everyday	JJ
46	9	customer	NN
46	10	behaviour	NN
46	11	in	IN
46	12	mind	NN
46	13	.	.
47	1	It	PRP
47	2	stood	VBD
47	3	at	IN
47	4	just	RB
47	5	3.4	CD
47	6	percent	NN
47	7	in	IN
47	8	January	NNP
47	9	.	.
48	1	An	DT
48	2	improved	VBN
48	3	demand	NN
48	4	was	VBD
48	5	seen	VBN
48	6	for	IN
48	7	the	DT
48	8	Orthodox/Rotovane	NNP
48	9	teas	NNS
48	10	,	,
48	11	following	VBG
48	12	quality	NN
48	13	.	.
49	1	John	NNP
49	2	Keells	NNP
49	3	Holdings	NNP
49	4	provided	VBD
49	5	the	DT
49	6	strongest	JJS
49	7	positive	JJ
49	8	contribution	NN
49	9	.	.
50	1	Transporting	VBG
50	2	oil	NN
50	3	through	IN
50	4	the	DT
50	5	region	NN
50	6	remains	VBZ
50	7	risky	JJ
50	8	,	,
50	9	however	RB
50	10	.	.
51	1	Experts	NNS
51	2	caution	VBP
51	3	,	,
51	4	however	RB
51	5	,	,
51	6	that	IN
51	7	China	NNP
51	8	's	POS
51	9	actual	JJ
51	10	U.S.	NNP
51	11	Treasury	NNP
51	12	holdings	NNS
51	13	may	MD
51	14	exceed	VB
51	15	the	DT
51	16	officially	RB
51	17	reported	VBN
51	18	figures	NNS
51	19	.	.
52	1	The	DT
52	2	ban	NN
52	3	was	VBD
52	4	later	RB
52	5	struck	VBN
52	6	down	RP
52	7	by	IN
52	8	the	DT
52	9	country	NN
52	10	's	POS
52	11	Constitutional	NNP
52	12	Court	NNP
52	13	,	,
52	14	however	RB
52	15	.	.
53	1	His	PRP$
53	2	death	NN
53	3	was	VBD
53	4	initially	RB
53	5	viewed	VBN
53	6	by	IN
53	7	police	NNS
53	8	through	IN
53	9	the	DT
53	10	possibility	NN
53	11	of	IN
53	12	suicide	NN
53	13	.	.
54	1	Iraq	NNP
54	2	,	,
54	3	too	RB
54	4	,	,
54	5	is	VBZ
54	6	increasing	VBG
54	7	oil	NN
54	8	exports	NNS
54	9	,	,
54	10	its	PRP$
54	11	oil	NN
54	12	minister	NN
54	13	said	VBD
54	14	on	IN
54	15	Tuesday	NNP
54	16	.	.
55	1	Iran	NNP
55	2	state	NN
55	3	TV	NN
55	4	confirmed	VBD
55	5	that	IN
55	6	Foreign	NNP
55	7	Minister	NNP
55	8	Abbas	NNP
55	9	Araghchi	NNP
55	10	had	VBD
55	11	met	VBN
55	12	Witkoff	NNP
55	13	.	.
56	1	Lion	NNP
56	2	Brewery	NNP
56	3	was	VBD
56	4	the	DT
56	5	largest	JJS
56	6	negative	JJ
56	7	contributor	NN
56	8	.	.
57	1	Both	DT
57	2	investor	NN
57	3	participation	NN
57	4	and	CC
57	5	market	NN
57	6	volumes	NNS
57	7	appeared	VBD
57	8	moderate	JJ
57	9	yesterday	NN
57	10	.	.
58	1	The	DT
58	2	technology	NN
58	3	sector	NN
58	4	,	,
58	5	in	IN
58	6	particular	JJ
58	7	,	,
58	8	is	VBZ
58	9	undergoing	VBG
58	10	changes	NNS
58	11	as	IN
58	12	companies	NNS
58	13	increasingly	RB
58	14	adopt	VBP
58	15	AI-powered	JJ
58	16	tools	NNS
58	17	.	.
59	1	New	NNP
59	2	Zealand	NNP
59	3	exporters	NNS
59	4	will	MD
59	5	receive	VB
59	6	preferential	JJ
59	7	quota	NN
59	8	access	NN
59	9	for	IN
59	10	apples	NNS
59	11	,	,
59	12	kiwifruit	NN
59	13	and	CC
59	14	albumins	NNS
59	15	.	.
60	1	The	DT
60	2	controversial	JJ
60	3	programme	NN
60	4	has	VBZ
60	5	reached	VBN
60	6	the	DT
60	7	Supreme	NNP
60	8	Court	NNP
60	9	twice	RB
60	10	.	.
61	1	After	IN
61	2	one	CD
61	3	of	IN
61	4	the	DT
61	5	accused	VBN
61	6	died	VBD
61	7	,	,
61	8	24	CD
61	9	were	VBD
61	10	indicted	VBN
61	11	in	IN
61	12	October	NNP
61	13	2021	CD
61	14	.	.
62	1	Perhaps	RB
62	2	we	PRP
62	3	can	MD
62	4	even	RB
62	5	be	VB
62	6	excused	VBN
62	7	for	IN
62	8	this	DT
62	9	arrogance	NN
62	10	.	.
63	1	Global	JJ
63	2	trade	NN
63	3	is	VBZ
63	4	precarious	JJ
63	5	with	IN
63	6	Trump	NNP
63	7	's	POS
63	8	arbitrary	JJ
63	9	tariffs	NNS
63	10	over	IN
63	11	the	DT
63	12	last	JJ
63	13	year	NN
63	14	and	CC
63	15	a	DT
63	16	half	NN
63	17	.	.
64	1	Great	JJ
64	2	mischief	NN
64	3	they	PRP
64	4	did	VBD
64	5	him	PRP
64	6	,	,
64	7	the	DT
64	8	often	RB
64	9	times	NNS
64	10	great	JJ
64	11	loss	NN
64	12	on	IN
64	13	their	PRP$
64	14	sides	NNS
64	15	.	.
65	1	Protecting	VBG
65	2	the	DT
65	3	environment	NN
65	4	is	VBZ
65	5	a	DT
65	6	shared	VBN
65	7	responsibility	NN
65	8	.	.
66	1	And	CC
66	2	the	DT
66	3	standard	NN
66	4	that	WDT
66	5	governs	VBZ
66	6	it	PRP
66	7	needs	VBZ
66	8	to	TO
66	9	hold	VB
66	10	up	RP
66	11	anywhere	RB
66	12	in	IN
66	13	the	DT
66	14	world	NN
66	15	.	.
67	1	Getting	VBG
67	2	started	VBN
67	3	has	VBZ
67	4	also	RB
67	5	been	VBN
67	6	simplified	VBN
67	7	.	.
68	1	The	DT
68	2	composition	NN
68	3	of	IN
68	4	inflation	NN
68	5	also	RB
68	6	underscores	VBZ
68	7	the	DT
68	8	pressure	NN
68	9	on	IN
68	10	the	DT
68	11	household	NN
68	12	expenditure	NN
68	13	.	.
69	1	The	DT
69	2	Ex-Estate	NNP
69	3	offerings	NNS
69	4	comprised	VBD
69	5	of	IN
69	6	0.7	CD
69	7	M/Kgs	NNS
69	8	.	.
70	1	These	DT
70	2	developments	NNS
70	3	may	MD
70	4	carry	VB
70	5	indirect	JJ
70	6	implications	NNS
70	7	for	IN
70	8	South	NNP
70	9	Korean	JJ
70	10	financial	JJ
70	11	markets	NNS
70	12	.	.
71	1	His	PRP$
71	2	family	NN
71	3	disputed	VBD
71	4	that	DT
71	5	account	NN
71	6	,	,
71	7	questioned	VBD
71	8	the	DT
71	9	post-mortem	JJ
71	10	findings	NNS
71	11	and	CC
71	12	sought	VBD
71	13	judicial	JJ
71	14	intervention	NN
71	15	.	.
72	1	Analysts	NNS
72	2	polled	VBN
72	3	by	IN
72	4	Reuters	NNP
72	5	had	VBD
72	6	expected	VBN
72	7	a	DT
72	8	decline	NN
72	9	.	.
73	1	Since	IN
73	2	the	DT
73	3	ceasefire	NN
73	4	collapsed	VBD
73	5	,	,
73	6	both	DT
73	7	sides	NNS
73	8	have	VBP
73	9	intermittently	RB
73	10	exchanged	VBN
73	11	fire	NN
73	12	.	.
74	1	The	DT
74	2	potential	JJ
74	3	employment	NN
74	4	impact	NN
74	5	of	IN
74	6	AI	NNP
74	7	extends	VBZ
74	8	beyond	IN
74	9	China	NNP
74	10	.	.
75	1	The	DT
75	2	DHS	NNP
75	3	called	VBD
75	4	the	DT
75	5	removals	NNS
75	6	``	``
75	7	a	DT
75	8	win	NN
75	9	''	''
75	10	,	,
75	11	while	IN
75	12	rights	NNS
75	13	groups	NNS
75	14	said	VBD
75	15	they	PRP
75	16	flouted	VBD
75	17	basic	JJ
75	18	protections	NNS
75	19	.	.
76	1	In	IN
76	2	fact	NN
76	3	,	,
76	4	we	PRP
76	5	may	MD
76	6	perhaps	RB
76	7	be	VB
76	8	excused	VBN
76	9	for	IN
76	10	occasionally	RB
76	11	thinking	VBG
76	12	that	IN
76	13	we	PRP
76	14	are	VBP
76	15	God	NNP
76	16	.	.
77	1	This	DT
77	2	would	MD
77	3	in	IN
77	4	effect	NN
77	5	,	,
77	6	lead	VB
77	7	to	TO
77	8	even	RB
77	9	higher	JJR
77	10	interest	NN
77	11	costs	NNS
77	12	for	IN
77	13	developing	VBG
77	14	countries	NNS
77	15	like	IN
77	16	ours	PRP
77	17	.	.
78	1	To	TO
78	2	achieve	VB
78	3	this	DT
78	4	goal	NN
78	5	,	,
78	6	he	PRP
78	7	was	VBD
78	8	willing	JJ
78	9	to	TO
78	10	pay	VB
78	11	a	DT
78	12	heavy	JJ
78	13	price	NN
78	14	.	.
79	1	Datamation	NNP
79	2	Systems	NNPS
79	3	Ltd	NNP
79	4	has	VBZ
79	5	been	VBN
79	6	successfully	RB
79	7	providing	VBG
79	8	business	NN
79	9	solutions	NNS
79	10	since	IN
79	11	1986	CD
79	12	.	.
80	1	Integrated	VBN
80	2	eKYC	NNP
80	3	capabilities	NNS
80	4	also	RB
80	5	support	VBP
80	6	registration	NN
80	7	using	VBG
80	8	international	JJ
80	9	mobile	JJ
80	10	numbers	NNS
80	11	.	.
81	1	Petrol	NN
81	2	accounted	VBD
81	3	for	IN
81	4	1.14	CD
81	5	percentage	NN
81	6	points	NNS
81	7	,	,
81	8	bus	NN
81	9	fares	NNS
81	10	0.36	CD
81	11	points	NNS
81	12	and	CC
81	13	diesel	NN
81	14	0.16	CD
81	15	points	NNS
81	16	.	.
82	1	There	EX
82	2	was	VBD
82	3	an	DT
82	4	improved	VBN
82	5	selection	NN
82	6	of	IN
82	7	teas	NNS
82	8	both	DT
82	9	from	IN
82	10	the	DT
82	11	Western	JJ
82	12	and	CC
82	13	Eastern	JJ
82	14	sectors	NNS
82	15	.	.
83	1	A	DT
83	2	fresh	JJ
83	3	examination	NN
83	4	after	IN
83	5	exhumation	NN
83	6	subsequently	RB
83	7	produced	VBD
83	8	findings	NNS
83	9	that	WDT
83	10	were	VBD
83	11	inconsistent	JJ
83	12	with	IN
83	13	suicide	NN
83	14	.	.
84	1	Official	JJ
84	2	weekly	JJ
84	3	inventory	NN
84	4	figures	NNS
84	5	from	IN
84	6	the	DT
84	7	US	NNP
84	8	Energy	NNP
84	9	Information	NNP
84	10	Administration	NNP
84	11	are	VBP
84	12	due	JJ
84	13	at	IN
84	14	10:30	CD
84	15	a.m.	NN
84	16	.	.
85	1	The	DT
85	2	figures	NNS
85	3	highlight	VBP
85	4	the	DT
85	5	importance	NN
85	6	of	IN
85	7	distinguishing	VBG
85	8	between	IN
85	9	exposure	NN
85	10	to	TO
85	11	AI	NNP
85	12	and	CC
85	13	actual	JJ
85	14	job	NN
85	15	displacement	NN
85	16	.	.
86	1	The	DT
86	2	Trump	NNP
86	3	administration	NN
86	4	's	POS
86	5	immigration	NN
86	6	agenda	NN
86	7	has	VBZ
86	8	faced	VBN
86	9	a	DT
86	10	string	NN
86	11	of	IN
86	12	setbacks	NNS
86	13	this	DT
86	14	month	NN
86	15	.	.
87	1	Perhaps	RB
87	2	our	PRP$
87	3	scientific	JJ
87	4	achievements	NNS
87	5	have	VBP
87	6	therefore	RB
87	7	given	VBN
87	8	us	PRP
87	9	a	DT
87	10	rather	RB
87	11	dangerous	JJ
87	12	illusion	NN
87	13	.	.
88	1	Production	NN
88	2	of	IN
88	3	goods	NNS
88	4	were	VBD
88	5	apparently	RB
88	6	secondary	JJ
88	7	,	,
88	8	and	CC
88	9	it	PRP
88	10	was	VBD
88	11	information	NN
88	12	technology	NN
88	13	that	WDT
88	14	would	MD
88	15	determine	VB
88	16	everything	NN
88	17	.	.
89	1	Jaffna	NNP
89	2	at	IN
89	3	the	DT
89	4	time	NN
89	5	,	,
89	6	was	VBD
89	7	the	DT
89	8	main	JJ
89	9	market	NN
89	10	for	IN
89	11	elephants	NNS
89	12	captured	VBN
89	13	in	IN
89	14	the	DT
89	15	island	NN
89	16	.	.
90	1	People	NNS
90	2	increasingly	RB
90	3	expect	VBP
90	4	banking	NN
90	5	to	TO
90	6	fit	VB
90	7	around	IN
90	8	their	PRP$
90	9	lives	NNS
90	10	,	,
90	11	rather	RB
90	12	than	IN
90	13	the	DT
90	14	other	JJ
90	15	way	NN
90	16	around	RB
90	17	.	.
91	1	The	DT
91	2	food	NN
91	3	pressures	NNS
91	4	were	VBD
91	5	also	RB
91	6	spread	VBN
91	7	across	IN
91	8	several	JJ
91	9	staples	NNS
91	10	and	CC
91	11	commonly	RB
91	12	purchased	VBN
91	13	items	NNS
91	14	.	.
92	1	The	DT
92	2	corresponding	JJ
92	3	BOPFs	NNS
92	4	sold	VBD
92	5	around	IN
92	6	last	JJ
92	7	week	NN
92	8	's	POS
92	9	levels	NNS
92	10	.	.
93	1	The	DT
93	2	case	NN
93	3	has	VBZ
93	4	since	RB
93	5	moved	VBN
93	6	beyond	IN
93	7	a	DT
93	8	disputed	VBN
93	9	death	NN
93	10	.	.
94	1	Scientifically	RB
94	2	,	,
94	3	of	IN
94	4	course	NN
94	5	,	,
94	6	the	DT
94	7	answer	NN
94	8	has	VBZ
94	9	to	TO
94	10	be	VB
94	11	no	UH
94	12	.	.
95	1	But	CC
95	2	alas	UH
95	3	,	,
95	4	in	IN
95	5	2000	CD
95	6	the	DT
95	7	bubble	NN
95	8	burst	VBD
95	9	with	IN
95	10	so	RB
95	11	many	JJ
95	12	companies	NNS
95	13	going	VBG
95	14	under	RP
95	15	.	.
96	1	Senarath	NNP
96	2	-LRB-	-LRB-
96	3	1604-1635CE	CD
96	4	-RRB-	-RRB-
96	5	,	,
96	6	his	PRP$
96	7	successor	NN
96	8	,	,
96	9	continued	VBD
96	10	Vimaladharmasuriya	NNP
96	11	's	POS
96	12	policy	NN
96	13	of	IN
96	14	being	VBG
96	15	anti-Portugese	JJ
96	16	.	.
97	1	Pan	NNP
97	2	Asia	NNP
97	3	EZY	NNP
97	4	is	VBZ
97	5	our	PRP$
97	6	response	NN
97	7	to	TO
97	8	that	DT
97	9	change	NN
97	10	.	.
98	1	Some	DT
98	2	relief	NN
98	3	came	VBD
98	4	from	IN
98	5	the	DT
98	6	lower	JJR
98	7	prices	NNS
98	8	for	IN
98	9	coconuts	NNS
98	10	,	,
98	11	rice	NN
98	12	and	CC
98	13	ginger	NN
98	14	.	.
99	1	The	DT
99	2	Nuwara	NNP
99	3	Eliya/Uda	NNP
99	4	Pussellawas	NNPS
99	5	continued	VBD
99	6	to	TO
99	7	be	VB
99	8	sluggish	JJ
99	9	.	.
100	1	It	PRP
100	2	has	VBZ
100	3	become	VBN
100	4	a	DT
100	5	test	NN
100	6	of	IN
100	7	the	DT
100	8	credibility	NN
100	9	of	IN
100	10	Pakistan	NNP
100	11	's	POS
100	12	medico-legal	JJ
100	13	and	CC
100	14	investigative	JJ
100	15	machinery	NN
100	16	.	.
101	1	When	WRB
101	2	the	DT
101	3	rains	NNS
101	4	come	VBP
101	5	and	CC
101	6	mountainsides	NNS
101	7	collapse	VBP
101	8	,	,
101	9	we	PRP
101	10	then	RB
101	11	call	VBP
101	12	it	PRP
101	13	a	DT
101	14	natural	JJ
101	15	disaster	NN
101	16	.	.
102	1	Twenty-five	CD
102	2	years	NNS
102	3	later	RB
102	4	,	,
102	5	I	PRP
102	6	sense	VBP
102	7	similar	JJ
102	8	sentiments	NNS
102	9	and	CC
102	10	developments	NNS
102	11	with	IN
102	12	the	DT
102	13	AI	NNP
102	14	boom	NN
102	15	.	.
103	1	Although	IN
103	2	this	DT
103	3	followed	VBD
103	4	with	IN
103	5	regular	JJ
103	6	forays	NNS
103	7	,	,
103	8	the	DT
103	9	Kandyan	NNP
103	10	Kingdom	NNP
103	11	however	RB
103	12	,	,
103	13	continued	VBD
103	14	to	TO
103	15	retain	VB
103	16	its	PRP$
103	17	independence	NN
103	18	.	.
104	1	The	DT
104	2	High	NNP
104	3	and	CC
104	4	Mid	NNP
104	5	Grown	NNP
104	6	CTC	NNP
104	7	teas	NNS
104	8	--	:
104	9	BP1s	NNS
104	10	,	,
104	11	had	VBD
104	12	hardly	RB
104	13	any	DT
104	14	offerings	NNS
104	15	.	.
105	1	Mir	NNP
105	2	Raza	NNP
105	3	Ali	NNP
105	4	,	,
105	5	a	DT
105	6	25-year-old	JJ
105	7	businessman	NN
105	8	,	,
105	9	went	VBD
105	10	missing	JJ
105	11	in	IN
105	12	Karachi	NNP
105	13	on	IN
105	14	July	NNP
105	15	28	CD
105	16	,	,
105	17	2026	CD
105	18	.	.
106	1	The	DT
106	2	recent	JJ
106	3	landslides	NNS
106	4	after	IN
106	5	heavy	JJ
106	6	rains	NNS
106	7	in	IN
106	8	many	JJ
106	9	of	IN
106	10	our	PRP$
106	11	upcountry	JJ
106	12	areas	NNS
106	13	are	VBP
106	14	classic	JJ
106	15	examples	NNS
106	16	.	.
107	1	But	CC
107	2	very	RB
107	3	few	JJ
107	4	people	NNS
107	5	seem	VBP
107	6	to	TO
107	7	remember	VB
107	8	the	DT
107	9	past	NN
107	10	or	CC
107	11	learn	VB
107	12	from	IN
107	13	it	PRP
107	14	.	.
108	1	The	DT
108	2	last	JJ
108	3	to	TO
108	4	capitulate	VB
108	5	was	VBD
108	6	the	DT
108	7	Jaffna	NNP
108	8	Fort	NNP
108	9	.	.
109	1	The	DT
109	2	corresponding	JJ
109	3	Low	NNP
109	4	Grown	NNP
109	5	varieties	NNS
109	6	sold	VBD
109	7	well	RB
109	8	at	IN
109	9	firm	JJ
109	10	to	TO
109	11	dearer	JJR
109	12	rates	NNS
109	13	.	.
110	1	Questions	NNS
110	2	over	IN
110	3	the	DT
110	4	first	JJ
110	5	post-mortem	JJ
110	6	examination	NN
110	7	soon	RB
110	8	intensified	VBD
110	9	.	.
111	1	The	DT
111	2	2004	CD
111	3	tsunami	NN
111	4	also	RB
111	5	demonstrated	VBD
111	6	the	DT
111	7	importance	NN
111	8	of	IN
111	9	retaining	VBG
111	10	natural	JJ
111	11	coastal	JJ
111	12	buffers	NNS
111	13	.	.
112	1	Indeed	RB
112	2	,	,
112	3	finance	NN
112	4	moves	VBZ
112	5	quickly	RB
112	6	these	DT
112	7	days	NNS
112	8	,	,
112	9	but	CC
112	10	it	PRP
112	11	also	RB
112	12	seems	VBZ
112	13	to	TO
112	14	make	VB
112	15	us	PRP
112	16	forget	VB
112	17	quickly	RB
112	18	.	.
113	1	Their	PRP$
113	2	negotiations	NNS
113	3	with	IN
113	4	Rajasinghe	NNP
113	5	focused	VBD
113	6	particularly	RB
113	7	on	IN
113	8	obtaining	VBG
113	9	access	NN
113	10	to	TO
113	11	Trincomalee	NNP
113	12	.	.
114	1	The	DT
114	2	Low	NNP
114	3	Growns	NNPS
114	4	totalled	VBD
114	5	approximately	RB
114	6	2.3	CD
114	7	M/Kgs	NNS
114	8	.	.
115	1	The	DT
115	2	family	NN
115	3	subsequently	RB
115	4	approached	VBD
115	5	a	DT
115	6	court	NN
115	7	seeking	VBG
115	8	exhumation	NN
115	9	,	,
115	10	a	DT
115	11	fresh	JJ
115	12	post-mortem	NN
115	13	and	CC
115	14	further	JJ
115	15	forensic	JJ
115	16	examination	NN
115	17	.	.
116	1	Sometimes	RB
116	2	I	PRP
116	3	wonder	VBP
116	4	whether	IN
116	5	it	PRP
116	6	is	VBZ
116	7	we	PRP
116	8	who	WP
116	9	require	VBP
116	10	more	JJR
116	11	management	NN
116	12	.	.
117	1	However	RB
117	2	,	,
117	3	I	PRP
117	4	argue	VBP
117	5	that	IN
117	6	this	DT
117	7	time	NN
117	8	it	PRP
117	9	is	VBZ
117	10	different	JJ
117	11	because	IN
117	12	neoliberalism	NN
117	13	itself	PRP
117	14	is	VBZ
117	15	in	IN
117	16	crisis	NN
117	17	.	.
118	1	And	CC
118	2	Rajasinghe	NNP
118	3	in	IN
118	4	his	PRP$
118	5	last	JJ
118	6	years	NNS
118	7	of	IN
118	8	reign	NN
118	9	,	,
118	10	sought	VBD
118	11	a	DT
118	12	more	RBR
118	13	reconciliatory	JJ
118	14	relationship	NN
118	15	with	IN
118	16	them	PRP
118	17	.	.
119	1	All	DT
119	2	categories	NNS
119	3	met	VBD
119	4	with	IN
119	5	fair	JJ
119	6	demand	NN
119	7	.	.
120	1	A	DT
120	2	Karachi	NNP
120	3	court	NN
120	4	authorised	VBD
120	5	the	DT
120	6	exhumation	NN
120	7	and	CC
120	8	ordered	VBD
120	9	the	DT
120	10	constitution	NN
120	11	of	IN
120	12	a	DT
120	13	medico-legal	JJ
120	14	board	NN
120	15	.	.
121	1	So	RB
121	2	perhaps	RB
121	3	we	PRP
121	4	have	VBP
121	5	the	DT
121	6	problem	NN
121	7	the	DT
121	8	wrong	JJ
121	9	way	NN
121	10	round	RB
121	11	.	.
122	1	Amidst	IN
122	2	this	DT
122	3	tumultuous	JJ
122	4	world	NN
122	5	,	,
122	6	Sri	NNP
122	7	Lanka	NNP
122	8	needs	VBZ
122	9	to	TO
122	10	rapidly	RB
122	11	change	VB
122	12	its	PRP$
122	13	economic	JJ
122	14	policies	NNS
122	15	.	.
123	1	Knox	NNP
123	2	's	POS
123	3	years	NNS
123	4	in	IN
123	5	captivity	NN
123	6	evidently	RB
123	7	had	VBD
123	8	not	RB
123	9	diminished	VBN
123	10	his	PRP$
123	11	appetite	NN
123	12	for	IN
123	13	travel	NN
123	14	.	.
124	1	The	DT
124	2	OPs	NNS
124	3	,	,
124	4	in	IN
124	5	general	JJ
124	6	,	,
124	7	were	VBD
124	8	firm	JJ
124	9	.	.
125	1	The	DT
125	2	second	JJ
125	3	examination	NN
125	4	produced	VBD
125	5	a	DT
125	6	markedly	RB
125	7	different	JJ
125	8	picture	NN
125	9	.	.
126	1	Yet	CC
126	2	they	PRP
126	3	can	MD
126	4	lose	VB
126	5	their	PRP$
126	6	homes	NNS
126	7	and	CC
126	8	livelihoods	NNS
126	9	in	IN
126	10	a	DT
126	11	few	JJ
126	12	hours	NNS
126	13	.	.
127	1	Following	VBG
127	2	his	PRP$
127	3	escape	NN
127	4	,	,
127	5	he	PRP
127	6	had	VBD
127	7	undertaken	VBN
127	8	at	IN
127	9	least	JJS
127	10	five	CD
127	11	more	JJR
127	12	voyages	NNS
127	13	to	TO
127	14	the	DT
127	15	East	NNP
127	16	.	.
128	1	The	DT
128	2	well-made	JJ
128	3	OPAs	NNS
128	4	were	VBD
128	5	easier	JJR
128	6	,	,
128	7	whilst	IN
128	8	the	DT
128	9	balance	NN
128	10	sold	VBD
128	11	around	IN
128	12	last	JJ
128	13	levels	NNS
128	14	.	.
129	1	Investigators	NNS
129	2	collected	VBD
129	3	samples	NNS
129	4	for	IN
129	5	chemical	JJ
129	6	analysis	NN
129	7	,	,
129	8	gunshot-residue	NN
129	9	examination	NN
129	10	and	CC
129	11	identification	NN
129	12	.	.
130	1	What	WP
130	2	we	PRP
130	3	are	VBP
130	4	experiencing	VBG
130	5	is	VBZ
130	6	something	NN
130	7	less	RBR
130	8	dramatic	JJ
130	9	,	,
130	10	but	CC
130	11	perhaps	RB
130	12	more	RBR
130	13	concerning	JJ
130	14	.	.
131	1	The	DT
131	2	Select	NNP
131	3	Best	NNP
131	4	and	CC
131	5	Best	NNP
131	6	PEKs	NNS
131	7	were	VBD
131	8	selectively	RB
131	9	dearer	JJR
131	10	,	,
131	11	whilst	IN
131	12	the	DT
131	13	balance	NN
131	14	was	VBD
131	15	firm	JJ
131	16	.	.
132	1	The	DT
132	2	later	JJ
132	3	forensic	JJ
132	4	work	NN
132	5	included	VBD
132	6	DNA	NNP
132	7	analysis	NN
132	8	and	CC
132	9	laboratory	NN
132	10	examination	NN
132	11	of	IN
132	12	material	JJ
132	13	evidence	NN
132	14	.	.
133	1	So	RB
133	2	perhaps	RB
133	3	nature	NN
133	4	is	VBZ
133	5	not	RB
133	6	striking	VBG
133	7	back	RB
133	8	at	IN
133	9	us	PRP
133	10	after	IN
133	11	all	DT
133	12	.	.
134	1	The	DT
134	2	high-priced	JJ
134	3	PEK1s	NNS
134	4	were	VBD
134	5	lower	JJR
134	6	,	,
134	7	whilst	IN
134	8	the	DT
134	9	balance	NN
134	10	sold	VBD
134	11	around	IN
134	12	last	JJ
134	13	levels	NNS
134	14	.	.
135	1	The	DT
135	2	report	NN
135	3	also	RB
135	4	incorporated	VBD
135	5	chemical	JJ
135	6	and	CC
135	7	forensic	JJ
135	8	findings	NNS
135	9	.	.
136	1	The	DT
136	2	high-priced	JJ
136	3	FF1s	NNS
136	4	were	VBD
136	5	easier	JJR
136	6	,	,
136	7	whilst	IN
136	8	the	DT
136	9	balance	NN
136	10	sold	VBD
136	11	around	IN
136	12	last	JJ
136	13	levels	NNS
136	14	.	.
137	1	The	DT
137	2	significance	NN
137	3	of	IN
137	4	the	DT
137	5	case	NN
137	6	lies	VBZ
137	7	not	RB
137	8	merely	RB
137	9	in	IN
137	10	what	WP
137	11	happened	VBD
137	12	to	TO
137	13	one	CD
137	14	young	JJ
137	15	man	NN
137	16	.	.
138	1	The	DT
138	2	teas	NNS
138	3	at	IN
138	4	the	DT
138	5	bottom	NN
138	6	were	VBD
138	7	irregular	JJ
138	8	,	,
138	9	following	VBG
138	10	quality	NN
138	11	.	.
139	1	A	DT
139	2	post-mortem	JJ
139	3	report	NN
139	4	is	VBZ
139	5	often	RB
139	6	treated	VBN
139	7	as	IN
139	8	one	CD
139	9	document	NN
139	10	among	IN
139	11	many	JJ
139	12	in	IN
139	13	a	DT
139	14	criminal	JJ
139	15	case	NN
139	16	.	.
140	1	In	IN
140	2	reality	NN
140	3	,	,
140	4	it	PRP
140	5	can	MD
140	6	determine	VB
140	7	the	DT
140	8	trajectory	NN
140	9	of	IN
140	10	an	DT
140	11	investigation	NN
140	12	.	.
141	1	Once	IN
141	2	an	DT
141	3	initial	JJ
141	4	conclusion	NN
141	5	enters	VBZ
141	6	the	DT
141	7	case	NN
141	8	record	NN
141	9	,	,
141	10	subsequent	JJ
141	11	investigators	NNS
141	12	can	MD
141	13	become	VB
141	14	anchored	VBN
141	15	to	TO
141	16	it	PRP
141	17	.	.
142	1	Questions	NNS
142	2	were	VBD
142	3	also	RB
142	4	raised	VBN
142	5	about	IN
142	6	whether	IN
142	7	gunshot-residue	NN
142	8	testing	NN
142	9	had	VBD
142	10	been	VBN
142	11	conducted	VBN
142	12	.	.
143	1	The	DT
143	2	subsequent	JJ
143	3	examination	NN
143	4	found	VBD
143	5	injuries	NNS
143	6	and	CC
143	7	evidence	NN
143	8	that	WDT
143	9	complicated	VBD
143	10	the	DT
143	11	original	JJ
143	12	interpretation	NN
143	13	.	.
144	1	The	DT
144	2	episode	NN
144	3	illustrates	VBZ
144	4	why	WRB
144	5	medico-legal	JJ
144	6	medicine	NN
144	7	can	MD
144	8	not	RB
144	9	operate	VB
144	10	as	IN
144	11	a	DT
144	12	routine	JJ
144	13	administrative	JJ
144	14	exercise	NN
144	15	.	.
145	1	Every	DT
145	2	observation	NN
145	3	can	MD
145	4	eventually	RB
145	5	become	VB
145	6	evidence	NN
145	7	before	IN
145	8	a	DT
145	9	court	NN
145	10	.	.
146	1	Such	JJ
146	2	failures	NNS
146	3	do	VBP
146	4	not	RB
146	5	necessarily	RB
146	6	mean	VB
146	7	that	IN
146	8	the	DT
146	9	underlying	VBG
146	10	evidence	NN
146	11	is	VBZ
146	12	false	JJ
146	13	.	.
147	1	Any	DT
147	2	unexplained	JJ
147	3	gap	NN
147	4	can	MD
147	5	provide	VB
147	6	the	DT
147	7	defence	NN
147	8	with	IN
147	9	grounds	NNS
147	10	to	TO
147	11	challenge	VB
147	12	its	PRP$
147	13	reliability	NN
147	14	.	.
148	1	The	DT
148	2	problem	NN
148	3	begins	VBZ
148	4	well	RB
148	5	before	IN
148	6	laboratory	NN
148	7	analysis	NN
148	8	.	.
149	1	Crime	NN
149	2	scenes	NNS
149	3	require	VBP
149	4	careful	JJ
149	5	preservation	NN
149	6	,	,
149	7	documentation	NN
149	8	,	,
149	9	photography	NN
149	10	,	,
149	11	mapping	NN
149	12	,	,
149	13	evidence	NN
149	14	collection	NN
149	15	and	CC
149	16	reconstruction	NN
149	17	.	.
150	1	Pakistan	NNP
150	2	has	VBZ
150	3	long	RB
150	4	faced	VBN
150	5	criticism	NN
150	6	over	IN
150	7	the	DT
150	8	limited	JJ
150	9	forensic	JJ
150	10	capacity	NN
150	11	available	JJ
150	12	outside	IN
150	13	major	JJ
150	14	centres	NNS
150	15	.	.
